Temps (s),Altitude (km)
0.0,122.0
0.1,121.999
0.55,121.993
1.55,121.98
2.55,121.967
3.55,121.954
4.55,121.941
5.55,121.928
6.55,121.915
7.55,121.902
8.55,121.889
9.55,121.876
10.55,121.864
11.55,121.851
12.55,121.838
13.55,121.825
14.55,121.812
15.55,121.799
16.55,121.786
17.55,121.773
18.55,121.76
19.55,121.747
20.55,121.734
21.55,121.721
22.55,121.708
23.55,121.695
24.55,121.682
25.55,121.669
26.55,121.657
27.55,121.644
28.55,121.631
29.55,121.618
30.55,121.605
31.55,121.592
32.55,121.579
33.55,121.566
34.55,121.553
35.55,121.54
36.55,121.527
37.55,121.514
38.55,121.501
39.55,121.488
40.55,121.475
41.55,121.462
42.55,121.45
43.55,121.437
44.55,121.424
45.55,121.411
46.55,121.398
47.55,121.385
48.55,121.372
49.55,121.359
50.55,121.346
51.55,121.333
52.55,121.32
53.55,121.307
54.55,121.294
55.55,121.281
56.55,121.268
57.55,121.255
58.55,121.242
59.55,121.23
60.55,121.217
61.55,121.204
62.55,121.191
63.55,121.178
64.55,121.165
65.55,121.152
66.55,121.139
67.55,121.126
68.55,121.113
69.55,121.1
70.55,121.087
71.55,121.074
72.55,121.061
73.55,121.048
74.55,121.035
75.55,121.022
76.55,121.01
77.55,120.997
78.55,120.984
79.55,120.971
80.55,120.958
81.55,120.945
82.55,120.932
83.55,120.919
84.55,120.906
85.55,120.893
86.55,120.88
87.55,120.867
88.55,120.854
89.55,120.841
90.55,120.828
91.55,120.815
92.55,120.803
93.55,120.79
94.55,120.777
95.55,120.764
96.55,120.751
97.55,120.738
98.55,120.725
99.55,120.712
100.55,120.699
101.55,120.686
102.55,120.673
103.55,120.66
104.55,120.647
105.55,120.634
106.55,120.621
107.55,120.609
108.55,120.596
109.55,120.583
110.55,120.57
111.55,120.557
112.55,120.544
113.55,120.531
114.55,120.518
115.55,120.505
116.55,120.492
117.55,120.479
118.55,120.466
119.55,120.453
120.55,120.44
121.55,120.427
122.55,120.415
123.55,120.402
124.55,120.389
125.55,120.376
126.55,120.363
127.55,120.35
128.55,120.337
129.55,120.324
130.55,120.311
131.55,120.298
132.55,120.285
133.55,120.272
134.55,120.259
135.55,120.246
136.55,120.233
137.55,120.221
138.55,120.208
139.55,120.195
140.55,120.182
141.55,120.169
142.55,120.156
143.55,120.143
144.55,120.13
145.55,120.117
146.55,120.104
147.55,120.091
148.55,120.078
149.55,120.065
150.55,120.052
151.55,120.04
152.55,120.027
153.55,120.014
154.55,120.001
155.55,119.988
156.55,119.975
157.55,119.962
158.55,119.949
159.55,119.936
160.55,119.923
161.55,119.91
162.55,119.897
163.55,119.884
164.55,119.871
165.55,119.859
166.55,119.846
167.55,119.833
168.55,119.82
169.55,119.807
170.55,119.794
171.55,119.781
172.55,119.768
173.55,119.755
174.55,119.742
175.55,119.729
176.55,119.716
177.55,119.703
178.55,119.691
179.55,119.678
180.55,119.665
181.55,119.652
182.55,119.639
183.55,119.626
184.55,119.613
185.55,119.6
186.55,119.587
187.55,119.574
188.55,119.561
189.55,119.548
190.55,119.535
191.55,119.523
192.55,119.51
193.55,119.497
194.55,119.484
195.55,119.471
196.55,119.458
197.55,119.445
198.55,119.432
199.55,119.419
200.55,119.406
201.55,119.393
202.55,119.38
203.55,119.367
204.55,119.354
205.55,119.342
206.55,119.329
207.55,119.316
208.55,119.303
209.55,119.29
210.55,119.277
211.55,119.264
212.55,119.251
213.55,119.238
214.55,119.225
215.55,119.212
216.55,119.199
217.55,119.186
218.55,119.174
219.55,119.161
220.55,119.148
221.55,119.135
222.55,119.122
223.55,119.109
224.55,119.096
225.55,119.083
226.55,119.07
227.55,119.057
228.55,119.044
229.55,119.031
230.55,119.018
231.55,119.006
232.55,118.993
233.55,118.98
234.55,118.967
235.55,118.954
236.55,118.941
237.55,118.928
238.55,118.915
239.55,118.902
240.55,118.889
241.55,118.876
242.55,118.863
243.55,118.85
244.55,118.837
245.55,118.824
246.55,118.812
247.55,118.799
248.55,118.786
249.55,118.773
250.55,118.76
251.55,118.747
252.55,118.734
253.55,118.721
254.55,118.708
255.55,118.695
256.55,118.682
257.55,118.669
258.55,118.656
259.55,118.643
260.55,118.63
261.55,118.618
262.55,118.605
263.55,118.592
264.55,118.579
265.55,118.566
266.55,118.553
267.55,118.54
268.55,118.527
269.55,118.514
270.55,118.501
271.55,118.488
272.55,118.475
273.55,118.462
274.55,118.449
275.55,118.436
276.55,118.423
277.55,118.41
278.55,118.398
279.55,118.385
280.55,118.372
281.55,118.359
282.55,118.346
283.55,118.333
284.55,118.32
285.55,118.307
286.55,118.294
287.55,118.281
288.55,118.268
289.55,118.255
290.55,118.242
291.55,118.229
292.55,118.216
293.55,118.203
294.55,118.19
295.55,118.177
296.55,118.164
297.55,118.151
298.55,118.138
299.55,118.125
300.55,118.113
301.55,118.1
302.55,118.087
303.55,118.074
304.55,118.061
305.55,118.048
306.55,118.035
307.55,118.022
308.55,118.009
309.55,117.996
310.55,117.983
311.55,117.97
312.55,117.957
313.55,117.944
314.55,117.931
315.55,117.918
316.55,117.905
317.55,117.892
318.55,117.879
319.55,117.866
320.55,117.853
321.55,117.84
322.55,117.827
323.55,117.814
324.55,117.801
325.55,117.788
326.55,117.775
327.55,117.762
328.55,117.749
329.55,117.736
330.55,117.723
331.55,117.71
332.55,117.697
333.55,117.684
334.55,117.671
335.55,117.658
336.55,117.645
337.55,117.632
338.55,117.619
339.55,117.606
340.55,117.593
341.55,117.58
342.55,117.567
343.55,117.554
344.55,117.541
345.55,117.528
346.55,117.515
347.55,117.502
348.55,117.489
349.55,117.476
350.55,117.463
351.55,117.45
352.55,117.437
353.55,117.424
354.55,117.411
355.55,117.398
356.55,117.385
357.55,117.372
358.55,117.359
359.55,117.346
360.55,117.333
361.55,117.32
362.55,117.307
363.55,117.294
364.55,117.281
365.55,117.268
366.55,117.255
367.55,117.242
368.55,117.229
369.55,117.215
370.55,117.202
371.55,117.189
372.55,117.176
373.55,117.163
374.55,117.15
375.55,117.137
376.55,117.124
377.55,117.111
378.55,117.098
379.55,117.085
380.55,117.072
381.55,117.059
382.55,117.046
383.55,117.033
384.55,117.019
385.55,117.006
386.55,116.993
387.55,116.98
388.55,116.967
389.55,116.954
390.55,116.941
391.55,116.928
392.55,116.915
393.55,116.902
394.55,116.889
395.55,116.875
396.55,116.862
397.55,116.849
398.55,116.836
399.55,116.823
400.55,116.81
401.55,116.797
402.55,116.784
403.55,116.771
404.55,116.757
405.55,116.744
406.55,116.731
407.55,116.718
408.55,116.705
409.55,116.692
410.55,116.679
411.55,116.666
412.55,116.652
413.55,116.639
414.55,116.626
415.55,116.613
416.55,116.6
417.55,116.587
418.55,116.574
419.55,116.56
420.55,116.547
421.55,116.534
422.55,116.521
423.55,116.508
424.55,116.495
425.55,116.481
426.55,116.468
427.55,116.455
428.55,116.442
429.55,116.429
430.55,116.415
431.55,116.402
432.55,116.389
433.55,116.376
434.55,116.363
435.55,116.349
436.55,116.336
437.55,116.323
438.55,116.31
439.55,116.297
440.55,116.283
441.55,116.27
442.55,116.257
443.55,116.244
444.55,116.231
445.55,116.217
446.55,116.204
447.55,116.191
448.55,116.178
449.55,116.164
450.55,116.151
451.55,116.138
452.55,116.125
453.55,116.111
454.55,116.098
455.55,116.085
456.55,116.072
457.55,116.058
458.55,116.045
459.55,116.032
460.55,116.018
461.55,116.005
462.55,115.992
463.55,115.979
464.55,115.965
465.55,115.952
466.55,115.939
467.55,115.925
468.55,115.912
469.55,115.899
470.55,115.885
471.55,115.872
472.55,115.859
473.55,115.845
474.55,115.832
475.55,115.819
476.55,115.805
477.55,115.792
478.55,115.779
479.55,115.765
480.55,115.752
481.55,115.739
482.55,115.725
483.55,115.712
484.55,115.699
485.55,115.685
486.55,115.672
487.55,115.658
488.55,115.645
489.55,115.632
490.55,115.618
491.55,115.605
492.55,115.592
493.55,115.578
494.55,115.565
495.55,115.551
496.55,115.538
497.55,115.524
498.55,115.511
499.55,115.498
500.55,115.484
501.55,115.471
502.55,115.457
503.55,115.444
504.55,115.43
505.55,115.417
506.55,115.403
507.55,115.39
508.55,115.377
509.55,115.363
510.55,115.35
511.55,115.336
512.55,115.323
513.55,115.309
514.55,115.296
515.55,115.282
516.55,115.269
517.55,115.255
518.55,115.242
519.55,115.228
520.55,115.215
521.55,115.201
522.55,115.187
523.55,115.174
524.55,115.16
525.55,115.147
526.55,115.133
527.55,115.12
528.55,115.106
529.55,115.093
530.55,115.079
531.55,115.065
532.55,115.052
533.55,115.038
534.55,115.025
535.55,115.011
536.55,114.997
537.55,114.984
538.55,114.97
539.55,114.957
540.55,114.943
541.55,114.929
542.55,114.916
543.55,114.902
544.55,114.888
545.55,114.875
546.55,114.861
547.55,114.847
548.55,114.834
549.55,114.82
550.55,114.806
551.55,114.793
552.55,114.779
553.55,114.765
554.55,114.752
555.55,114.738
556.55,114.724
557.55,114.711
558.55,114.697
559.55,114.683
560.55,114.669
561.55,114.656
562.55,114.642
563.55,114.628
564.55,114.614
565.55,114.601
566.55,114.587
567.55,114.573
568.55,114.559
569.55,114.545
570.55,114.532
571.55,114.518
572.55,114.504
573.55,114.49
574.55,114.476
575.55,114.463
576.55,114.449
577.55,114.435
578.55,114.421
579.55,114.407
580.55,114.393
581.55,114.379
582.55,114.366
583.55,114.352
584.55,114.338
585.55,114.324
586.55,114.31
587.55,114.296
588.55,114.282
589.55,114.268
590.55,114.254
591.55,114.24
592.55,114.227
593.55,114.213
594.55,114.199
595.55,114.185
596.55,114.171
597.55,114.157
598.55,114.143
599.55,114.129
600.55,114.115
601.55,114.101
602.55,114.087
603.55,114.073
604.55,114.059
605.55,114.045
606.55,114.031
607.55,114.017
608.55,114.003
609.55,113.989
610.55,113.975
611.55,113.96
612.55,113.946
613.55,113.932
614.55,113.918
615.55,113.904
616.55,113.89
617.55,113.876
618.55,113.862
619.55,113.848
620.55,113.834
621.55,113.819
622.55,113.805
623.55,113.791
624.55,113.777
625.55,113.763
626.55,113.749
627.55,113.734
628.55,113.72
629.55,113.706
630.55,113.692
631.55,113.678
632.55,113.663
633.55,113.649
634.55,113.635
635.55,113.621
636.55,113.606
637.55,113.592
638.55,113.578
639.55,113.564
640.55,113.549
641.55,113.535
642.55,113.521
643.55,113.506
644.55,113.492
645.55,113.478
646.55,113.463
647.55,113.449
648.55,113.435
649.55,113.42
650.55,113.406
651.55,113.392
652.55,113.377
653.55,113.363
654.55,113.348
655.55,113.334
656.55,113.319
657.55,113.305
658.55,113.291
659.55,113.276
660.55,113.262
661.55,113.247
662.55,113.233
663.55,113.218
664.55,113.204
665.55,113.189
666.55,113.175
667.55,113.16
668.55,113.146
669.55,113.131
670.55,113.117
671.55,113.102
672.55,113.088
673.55,113.073
674.55,113.058
675.55,113.044
676.55,113.029
677.55,113.015
678.55,113.0
679.55,112.985
680.55,112.971
681.55,112.956
682.55,112.941
683.55,112.927
684.55,112.912
685.55,112.897
686.55,112.883
687.55,112.868
688.55,112.853
689.55,112.838
690.55,112.824
691.55,112.809
692.55,112.794
693.55,112.779
694.55,112.765
695.55,112.75
696.55,112.735
697.55,112.72
698.55,112.705
699.55,112.691
700.55,112.676
701.55,112.661
702.55,112.646
703.55,112.631
704.55,112.616
705.55,112.601
706.55,112.587
707.55,112.572
708.55,112.557
709.55,112.542
710.55,112.527
711.55,112.512
712.55,112.497
713.55,112.482
714.55,112.467
715.55,112.452
716.55,112.437
717.55,112.422
718.55,112.407
719.55,112.392
720.55,112.377
721.55,112.362
722.55,112.347
723.55,112.332
724.55,112.317
725.55,112.302
726.55,112.286
727.55,112.271
728.55,112.256
729.55,112.241
730.55,112.226
731.55,112.211
732.55,112.196
733.55,112.18
734.55,112.165
735.55,112.15
736.55,112.135
737.55,112.119
738.55,112.104
739.55,112.089
740.55,112.074
741.55,112.058
742.55,112.043
743.55,112.028
744.55,112.012
745.55,111.997
746.55,111.982
747.55,111.966
748.55,111.951
749.55,111.936
750.55,111.92
751.55,111.905
752.55,111.89
753.55,111.874
754.55,111.859
755.55,111.843
756.55,111.828
757.55,111.812
758.55,111.797
759.55,111.781
760.55,111.766
761.55,111.75
762.55,111.735
763.55,111.719
764.55,111.704
765.55,111.688
766.55,111.672
767.55,111.657
768.55,111.641
769.55,111.626
770.55,111.61
771.55,111.594
772.55,111.579
773.55,111.563
774.55,111.547
775.55,111.532
776.55,111.516
777.55,111.5
778.55,111.484
779.55,111.469
780.55,111.453
781.55,111.437
782.55,111.421
783.55,111.406
784.55,111.39
785.55,111.374
786.55,111.358
787.55,111.342
788.55,111.326
789.55,111.31
790.55,111.295
791.55,111.279
792.55,111.263
793.55,111.247
794.55,111.231
795.55,111.215
796.55,111.199
797.55,111.183
798.55,111.167
799.55,111.151
800.55,111.135
801.55,111.119
802.55,111.103
803.55,111.087
804.55,111.071
805.55,111.054
806.55,111.038
807.55,111.022
808.55,111.006
809.55,110.99
810.55,110.974
811.55,110.957
812.55,110.941
813.55,110.925
814.55,110.909
815.55,110.893
816.55,110.876
817.55,110.86
818.55,110.844
819.55,110.827
820.55,110.811
821.55,110.795
822.55,110.778
823.55,110.762
824.55,110.746
825.55,110.729
826.55,110.713
827.55,110.696
828.55,110.68
829.55,110.663
830.55,110.647
831.55,110.63
832.55,110.614
833.55,110.597
834.55,110.581
835.55,110.564
836.55,110.548
837.55,110.531
838.55,110.514
839.55,110.498
840.55,110.481
841.55,110.465
842.55,110.448
843.55,110.431
844.55,110.415
845.55,110.398
846.55,110.381
847.55,110.364
848.55,110.348
849.55,110.331
850.55,110.314
851.55,110.297
852.55,110.28
853.55,110.263
854.55,110.247
855.55,110.23
856.55,110.213
857.55,110.196
858.55,110.179
859.55,110.162
860.55,110.145
861.55,110.128
862.55,110.111
863.55,110.094
864.55,110.077
865.55,110.06
866.55,110.043
867.55,110.026
868.55,110.009
869.55,109.992
870.55,109.974
871.55,109.957
872.55,109.94
873.55,109.923
874.55,109.906
875.55,109.889
876.55,109.871
877.55,109.854
878.55,109.837
879.55,109.819
880.55,109.802
881.55,109.785
882.55,109.767
883.55,109.75
884.55,109.733
885.55,109.715
886.55,109.698
887.55,109.68
888.55,109.663
889.55,109.646
890.55,109.628
891.55,109.611
892.55,109.593
893.55,109.575
894.55,109.558
895.55,109.54
896.55,109.523
897.55,109.505
898.55,109.487
899.55,109.47
900.55,109.452
901.55,109.434
902.55,109.417
903.55,109.399
904.55,109.381
905.55,109.363
906.55,109.346
907.55,109.328
908.55,109.31
909.55,109.292
910.55,109.274
911.55,109.256
912.55,109.238
913.55,109.22
914.55,109.202
915.55,109.184
916.55,109.166
917.55,109.148
918.55,109.13
919.55,109.112
920.55,109.094
921.55,109.076
922.55,109.058
923.55,109.04
924.55,109.022
925.55,109.004
926.55,108.985
927.55,108.967
928.55,108.949
929.55,108.931
930.55,108.912
931.55,108.894
932.55,108.876
933.55,108.857
934.55,108.839
935.55,108.821
936.55,108.802
937.55,108.784
938.55,108.765
939.55,108.747
940.55,108.728
941.55,108.71
942.55,108.691
943.55,108.673
944.55,108.654
945.55,108.636
946.55,108.617
947.55,108.598
948.55,108.58
949.55,108.561
950.55,108.542
951.55,108.524
952.55,108.505
953.55,108.486
954.55,108.467
955.55,108.448
956.55,108.43
957.55,108.411
958.55,108.392
959.55,108.373
960.55,108.354
961.55,108.335
962.55,108.316
963.55,108.297
964.55,108.278
965.55,108.259
966.55,108.24
967.55,108.221
968.55,108.202
969.55,108.183
970.55,108.163
971.55,108.144
972.55,108.125
973.55,108.106
974.55,108.087
975.55,108.067
976.55,108.048
977.55,108.029
978.55,108.009
979.55,107.99
980.55,107.97
981.55,107.951
982.55,107.932
983.55,107.912
984.55,107.893
985.55,107.873
986.55,107.854
987.55,107.834
988.55,107.814
989.55,107.795
990.55,107.775
991.55,107.755
992.55,107.736
993.55,107.716
994.55,107.696
995.55,107.676
996.55,107.657
997.55,107.637
998.55,107.617
999.55,107.597
1000.55,107.577
1001.55,107.557
1002.55,107.537
1003.55,107.517
1004.55,107.497
1005.55,107.477
1006.55,107.457
1007.55,107.437
1008.55,107.417
1009.55,107.397
1010.55,107.377
1011.55,107.357
1012.55,107.336
1013.55,107.316
1014.55,107.296
1015.55,107.276
1016.55,107.255
1017.55,107.235
1018.55,107.215
1019.55,107.194
1020.55,107.174
1021.55,107.153
1022.55,107.133
1023.55,107.112
1024.55,107.092
1025.55,107.071
1026.55,107.051
1027.55,107.03
1028.55,107.009
1029.55,106.989
1030.55,106.968
1031.55,106.947
1032.55,106.926
1033.55,106.906
1034.55,106.885
1035.55,106.864
1036.55,106.843
1037.55,106.822
1038.55,106.801
1039.55,106.78
1040.55,106.759
1041.55,106.738
1042.55,106.717
1043.55,106.696
1044.55,106.675
1045.55,106.654
1046.55,106.633
1047.55,106.612
1048.55,106.59
1049.55,106.569
1050.55,106.548
1051.55,106.527
1052.55,106.505
1053.55,106.484
1054.55,106.462
1055.55,106.441
1056.55,106.42
1057.55,106.398
1058.55,106.377
1059.55,106.355
1060.55,106.333
1061.55,106.312
1062.55,106.29
1063.55,106.269
1064.55,106.247
1065.55,106.225
1066.55,106.203
1067.55,106.181
1068.55,106.16
1069.55,106.138
1070.55,106.116
1071.55,106.094
1072.55,106.072
1073.55,106.05
1074.55,106.028
1075.55,106.006
1076.55,105.984
1077.55,105.962
1078.55,105.94
1079.55,105.917
1080.55,105.895
1081.55,105.873
1082.55,105.851
1083.55,105.828
1084.55,105.806
1085.55,105.784
1086.55,105.761
1087.55,105.739
1088.55,105.716
1089.55,105.694
1090.55,105.671
1091.55,105.649
1092.55,105.626
1093.55,105.603
1094.55,105.581
1095.55,105.558
1096.55,105.535
1097.55,105.512
1098.55,105.49
1099.55,105.467
1100.55,105.444
1101.55,105.421
1102.55,105.398
1103.55,105.375
1104.55,105.352
1105.55,105.329
1106.55,105.306
1107.55,105.283
1108.55,105.26
1109.55,105.236
1110.55,105.213
1111.55,105.19
1112.55,105.167
1113.55,105.143
1114.55,105.12
1115.55,105.096
1116.55,105.073
1117.55,105.049
1118.55,105.026
1119.55,105.002
1120.55,104.979
1121.55,104.955
1122.55,104.931
1123.55,104.908
1124.55,104.884
1125.55,104.86
1126.55,104.836
1127.55,104.812
1128.55,104.789
1129.55,104.765
1130.55,104.741
1131.55,104.717
1132.55,104.693
1133.55,104.668
1134.55,104.644
1135.55,104.62
1136.55,104.596
1137.55,104.572
1138.55,104.547
1139.55,104.523
1140.55,104.499
1141.55,104.474
1142.55,104.45
1143.55,104.425
1144.55,104.401
1145.55,104.376
1146.55,104.352
1147.55,104.327
1148.55,104.302
1149.55,104.278
1150.55,104.253
1151.55,104.228
1152.55,104.203
1153.55,104.178
1154.55,104.153
1155.55,104.128
1156.55,104.103
1157.55,104.078
1158.55,104.053
1159.55,104.028
1160.55,104.003
1161.55,103.978
1162.55,103.952
1163.55,103.927
1164.55,103.902
1165.55,103.876
1166.55,103.851
1167.55,103.825
1168.55,103.8
1169.55,103.774
1170.55,103.749
1171.55,103.723
1172.55,103.697
1173.55,103.672
1174.55,103.646
1175.55,103.62
1176.55,103.594
1177.55,103.568
1178.55,103.542
1179.55,103.516
1180.55,103.49
1181.55,103.464
1182.55,103.438
1183.55,103.412
1184.55,103.385
1185.55,103.359
1186.55,103.333
1187.55,103.306
1188.55,103.28
1189.55,103.254
1190.55,103.227
1191.55,103.201
1192.55,103.174
1193.55,103.147
1194.55,103.121
1195.55,103.094
1196.55,103.067
1197.55,103.04
1198.55,103.013
1199.55,102.986
1200.55,102.959
1201.55,102.932
1202.55,102.905
1203.55,102.878
1204.55,102.851
1205.55,102.824
1206.55,102.796
1207.55,102.769
1208.55,102.742
1209.55,102.714
1210.55,102.687
1211.55,102.659
1212.55,102.632
1213.55,102.604
1214.55,102.576
1215.55,102.549
1216.55,102.521
1217.55,102.493
1218.55,102.465
1219.55,102.437
1220.55,102.409
1221.55,102.381
1222.55,102.353
1223.55,102.325
1224.55,102.297
1225.55,102.268
1226.55,102.24
1227.55,102.212
1228.55,102.183
1229.55,102.155
1230.55,102.126
1231.55,102.098
1232.55,102.069
1233.55,102.04
1234.55,102.012
1235.55,101.983
1236.55,101.954
1237.55,101.925
1238.55,101.896
1239.55,101.867
1240.55,101.838
1241.55,101.809
1242.55,101.78
1243.55,101.751
1244.55,101.721
1245.55,101.692
1246.55,101.663
1247.55,101.633
1248.55,101.604
1249.55,101.574
1250.55,101.544
1251.55,101.515
1252.55,101.485
1253.55,101.455
1254.55,101.425
1255.55,101.395
1256.55,101.365
1257.55,101.335
1258.55,101.305
1259.55,101.275
1260.55,101.245
1261.55,101.215
1262.55,101.184
1263.55,101.154
1264.55,101.123
1265.55,101.093
1266.55,101.062
1267.55,101.031
1268.55,101.001
1269.55,100.97
1270.55,100.939
1271.55,100.908
1272.55,100.877
1273.55,100.846
1274.55,100.815
1275.55,100.784
1276.55,100.753
1277.55,100.721
1278.55,100.69
1279.55,100.659
1280.55,100.627
1281.55,100.596
1282.55,100.564
1283.55,100.532
1284.55,100.501
1285.55,100.469
1286.55,100.437
1287.55,100.405
1288.55,100.373
1289.55,100.341
1290.55,100.309
1291.55,100.277
1292.55,100.244
1293.55,100.212
1294.55,100.18
1295.55,100.147
1296.55,100.114
1297.55,100.082
1298.55,100.049
1299.55,100.016
1300.55,99.984
1301.55,99.951
1302.55,99.918
1303.55,99.885
1304.55,99.851
1305.55,99.818
1306.55,99.785
1307.55,99.752
1308.55,99.718
1309.55,99.685
1310.55,99.651
1311.55,99.618
1312.55,99.584
1313.55,99.55
1314.55,99.516
1315.55,99.482
1316.55,99.448
1317.55,99.414
1318.55,99.38
1319.55,99.346
1320.55,99.312
1321.55,99.277
1322.55,99.243
1323.55,99.208
1324.55,99.174
1325.55,99.139
1326.55,99.104
1327.55,99.069
1328.55,99.034
1329.55,98.999
1330.55,98.964
1331.55,98.929
1332.55,98.894
1333.55,98.858
1334.55,98.823
1335.55,98.788
1336.55,98.752
1337.55,98.716
1338.55,98.681
1339.55,98.645
1340.55,98.609
1341.55,98.573
1342.55,98.537
1343.55,98.501
1344.55,98.464
1345.55,98.428
1346.55,98.392
1347.55,98.355
1348.55,98.319
1349.55,98.282
1350.55,98.245
1351.55,98.208
1352.55,98.171
1353.55,98.134
1354.55,98.097
1355.55,98.06
1356.55,98.023
1357.55,97.985
1358.55,97.948
1359.55,97.91
1360.55,97.873
1361.55,97.835
1362.55,97.797
1363.55,97.759
1364.55,97.721
1365.55,97.683
1366.55,97.645
1367.55,97.606
1368.55,97.568
1369.55,97.53
1370.55,97.491
1371.55,97.452
1372.55,97.414
1373.55,97.375
1374.55,97.336
1375.55,97.297
1376.55,97.257
1377.55,97.218
1378.55,97.179
1379.55,97.139
1380.55,97.1
1381.55,97.06
1382.55,97.02
1383.55,96.981
1384.55,96.941
1385.55,96.901
1386.55,96.86
1387.55,96.82
1388.55,96.78
1389.55,96.739
1390.55,96.699
1391.55,96.658
1392.55,96.617
1393.55,96.576
1394.55,96.535
1395.55,96.494
1396.55,96.453
1397.55,96.412
1398.55,96.37
1399.55,96.329
1400.55,96.287
1401.55,96.245
1402.55,96.203
1403.55,96.161
1404.55,96.119
1405.55,96.077
1406.55,96.035
1407.55,95.992
1408.55,95.95
1409.55,95.907
1410.55,95.864
1411.55,95.822
1412.55,95.779
1413.55,95.735
1414.55,95.692
1415.55,95.649
1416.55,95.605
1417.55,95.562
1418.55,95.518
1419.55,95.474
1420.55,95.43
1421.55,95.386
1422.55,95.342
1423.55,95.298
1424.55,95.253
1425.55,95.209
1426.55,95.164
1427.55,95.119
1428.55,95.074
1429.55,95.029
1430.55,94.984
1431.55,94.939
1432.55,94.893
1433.55,94.848
1434.55,94.802
1435.55,94.756
1436.55,94.71
1437.55,94.664
1438.55,94.618
1439.55,94.572
1440.55,94.525
1441.55,94.479
1442.55,94.432
1443.55,94.385
1444.55,94.338
1445.55,94.291
1446.55,94.244
1447.55,94.196
1448.55,94.149
1449.55,94.101
1450.55,94.053
1451.55,94.005
1452.55,93.957
1453.55,93.909
1454.55,93.86
1455.55,93.812
1456.55,93.763
1457.55,93.714
1458.55,93.665
1459.55,93.616
1460.55,93.567
1461.55,93.518
1462.55,93.468
1463.55,93.418
1464.55,93.369
1465.55,93.319
1466.55,93.268
1467.55,93.218
1468.55,93.168
1469.55,93.117
1470.55,93.066
1471.55,93.015
1472.55,92.964
1473.55,92.913
1474.55,92.862
1475.55,92.81
1476.55,92.758
1477.55,92.706
1478.55,92.654
1479.55,92.602
1480.55,92.55
1481.55,92.497
1482.55,92.445
1483.55,92.392
1484.55,92.339
1485.55,92.285
1486.55,92.232
1487.55,92.179
1488.55,92.125
1489.55,92.071
1490.55,92.017
1491.55,91.963
1492.55,91.908
1493.55,91.854
1494.55,91.799
1495.55,91.744
1496.55,91.689
1497.55,91.634
1498.55,91.578
1499.55,91.523
1500.55,91.467
1501.55,91.411
1502.55,91.355
1503.55,91.298
1504.55,91.242
1505.55,91.185
1506.55,91.128
1507.55,91.071
1508.55,91.014
1509.55,90.956
1510.55,90.899
1511.55,90.841
1512.55,90.783
1513.55,90.725
1514.55,90.666
1515.55,90.607
1516.55,90.549
1517.55,90.49
1518.55,90.43
1519.55,90.371
1520.55,90.311
1521.55,90.251
1522.55,90.191
1523.55,90.131
1524.55,90.071
1525.55,90.01
1526.55,89.949
1527.55,89.888
1528.55,89.827
1529.55,89.765
1530.55,89.704
1531.55,89.642
1532.55,89.579
1533.55,89.517
1534.55,89.454
1535.55,89.392
1536.55,89.329
1537.55,89.265
1538.55,89.202
1539.55,89.138
1540.55,89.074
1541.55,89.01
1542.55,88.946
1543.55,88.881
1544.55,88.816
1545.55,88.751
1546.55,88.686
1547.55,88.62
1548.55,88.554
1549.55,88.488
1550.55,88.422
1551.55,88.356
1552.55,88.289
1553.55,88.222
1554.55,88.155
1555.55,88.087
1556.55,88.019
1557.55,87.951
1558.55,87.883
1559.55,87.815
1560.55,87.746
1561.55,87.677
1562.55,87.608
1563.55,87.538
1564.55,87.468
1565.55,87.398
1566.55,87.328
1567.55,87.257
1568.55,87.186
1569.55,87.115
1570.55,87.044
1571.55,86.972
1572.55,86.9
1573.55,86.828
1574.55,86.756
1575.55,86.683
1576.55,86.61
1577.55,86.536
1578.55,86.463
1579.55,86.389
1580.55,86.315
1581.55,86.24
1582.55,86.165
1583.55,86.09
1584.55,86.015
1585.55,85.939
1586.55,85.863
1587.55,85.787
1588.55,85.711
1589.55,85.634
1590.55,85.556
1591.55,85.479
1592.55,85.401
1593.55,85.323
1594.55,85.245
1595.55,85.166
1596.55,85.087
1597.55,85.007
1598.55,84.928
1599.55,84.847
1600.55,84.767
1601.55,84.686
1602.55,84.605
1603.55,84.524
1604.55,84.442
1605.55,84.36
1606.55,84.278
1607.55,84.195
1608.55,84.112
1609.55,84.028
1610.55,83.945
1611.55,83.86
1612.55,83.776
1613.55,83.691
1614.55,83.606
1615.55,83.52
1616.55,83.434
1617.55,83.348
1618.55,83.261
1619.55,83.174
1620.55,83.086
1621.55,82.998
1622.55,82.91
1623.55,82.822
1624.55,82.733
1625.55,82.643
1626.55,82.553
1627.55,82.463
1628.55,82.372
1629.55,82.281
1630.55,82.19
1631.55,82.098
1632.55,82.006
1633.55,81.913
1634.55,81.82
1635.55,81.726
1636.55,81.632
1637.55,81.538
1638.55,81.443
1639.55,81.348
1640.55,81.252
1641.55,81.156
1642.55,81.059
1643.55,80.962
1644.55,80.865
1645.55,80.767
1646.55,80.668
1647.55,80.57
1648.55,80.47
1649.55,80.37
1650.55,80.27
1651.55,80.169
1652.55,80.068
1653.55,79.966
1654.55,79.864
1655.55,79.761
1656.55,79.658
1657.55,79.554
1658.55,79.449
1659.55,79.345
1660.55,79.239
1661.55,79.133
1662.55,79.027
1663.55,78.92
1664.55,78.812
1665.55,78.704
1666.55,78.596
1667.55,78.487
1668.55,78.377
1669.55,78.267
1670.55,78.156
1671.55,78.044
1672.55,77.932
1673.55,77.82
1674.55,77.706
1675.55,77.593
1676.55,77.478
1677.55,77.363
1678.55,77.247
1679.55,77.131
1680.55,77.014
1681.55,76.897
1682.55,76.779
1683.55,76.66
1684.55,76.54
1685.55,76.42
1686.55,76.299
1687.55,76.178
1688.55,76.056
1689.55,75.933
1690.55,75.809
1691.55,75.685
1692.55,75.56
1693.55,75.434
1694.55,75.308
1695.55,75.181
1696.55,75.053
1697.55,74.924
1698.55,74.795
1699.55,74.665
1700.55,74.534
1701.55,74.402
1702.55,74.27
1703.55,74.136
1704.55,74.002
1705.55,73.867
1706.55,73.731
1707.55,73.595
1708.55,73.457
1709.55,73.319
1710.55,73.18
1711.55,73.04
1712.55,72.899
1713.55,72.757
1714.55,72.614
1715.55,72.471
1716.55,72.326
1717.55,72.181
1718.55,72.034
1719.55,71.887
1720.55,71.738
1721.55,71.589
1722.55,71.439
1723.55,71.287
1724.55,71.135
1725.55,70.981
1726.55,70.827
1727.55,70.671
1728.55,70.515
1729.55,70.357
1730.55,70.198
1731.55,70.039
1732.55,69.877
1733.55,69.715
1734.55,69.552
1735.55,69.388
1736.55,69.222
1737.55,69.055
1738.55,68.887
1739.55,68.718
1740.55,68.547
1741.55,68.376
1742.55,68.203
1743.55,68.028
1744.55,67.853
1745.55,67.676
1746.55,67.497
1747.55,67.318
1748.55,67.137
1749.55,66.954
1750.55,66.771
1751.55,66.586
1752.55,66.399
1753.55,66.211
1754.55,66.021
1755.55,65.83
1756.55,65.638
1757.55,65.444
1758.55,65.248
1759.55,65.051
1760.55,64.852
1761.55,64.652
1762.55,64.45
1763.55,64.246
1764.55,64.041
1765.55,63.834
1766.55,63.625
1767.55,63.415
1768.55,63.203
1769.55,62.989
1770.55,62.774
1771.55,62.556
1772.55,62.337
1773.55,62.116
1774.55,61.893
1775.55,61.668
1776.55,61.442
1777.55,61.213
1778.55,60.983
1779.55,60.75
1780.55,60.516
1781.55,60.28
1782.55,60.041
1783.55,59.801
1784.55,59.558
1785.55,59.314
1786.55,59.067
1787.55,58.819
1788.55,58.568
1789.55,58.315
1790.55,58.06
1791.55,57.803
1792.55,57.544
1793.55,57.283
1794.55,57.019
1795.55,56.753
1796.55,56.485
1797.55,56.215
1798.55,55.943
1799.55,55.668
1800.55,55.391
1801.55,55.112
1802.55,54.831
1803.55,54.547
1804.55,54.261
1805.55,53.973
1806.55,53.683
1807.55,53.39
1808.55,53.096
1809.55,52.799
1810.55,52.5
1811.55,52.198
1812.55,51.895
1813.55,51.589
1814.55,51.281
1815.55,50.971
1816.55,50.659
1817.55,50.345
1818.55,50.029
1819.55,49.711
1820.55,49.391
1821.55,49.068
1822.55,48.745
1823.55,48.419
1824.55,48.092
1825.55,47.762
1826.55,47.432
1827.55,47.1
1828.55,46.766
1829.55,46.431
1830.55,46.094
1831.55,45.757
1832.55,45.418
1833.55,45.078
1834.55,44.737
1835.55,44.396
1836.55,44.054
1837.55,43.711
1838.55,43.368
1839.55,43.025
1840.55,42.681
1841.55,42.338
1842.55,41.994
1843.55,41.651
1844.55,41.308
1845.55,40.965
1846.55,40.623
1847.55,40.282
1848.55,39.941
1849.55,39.601
1850.55,39.263
1851.55,38.925
1852.55,38.589
1853.55,38.254
1854.55,37.921
1855.55,37.589
1856.55,37.259
1857.55,36.931
1858.55,36.604
1859.55,36.28
1860.55,35.957
1861.55,35.637
1862.55,35.318
1863.55,35.002
1864.55,34.688
1865.55,34.376
1866.55,34.066
1867.55,33.759
1868.55,33.454
1869.55,33.151
1870.55,32.85
1871.55,32.552
1872.55,32.257
1873.55,31.963
1874.55,31.672
1875.55,31.383
1876.55,31.097
1877.55,30.813
1878.55,30.53
1879.55,30.25
1880.55,29.972
1881.55,29.696
1882.55,29.422
1883.55,29.15
1884.55,28.88
1885.55,28.611
1886.55,28.345
1887.55,28.08
1888.55,27.816
1889.55,27.555
1890.55,27.295
1891.55,27.036
1892.55,26.779
1893.55,26.524
1894.55,26.27
1895.55,26.018
1896.55,25.767
1897.55,25.517
1898.55,25.269
1899.55,25.022
1900.55,24.777
1901.55,24.533
1902.55,24.29
1903.55,24.049
1904.55,23.809
1905.55,23.57
1906.55,23.333
1907.55,23.097
1908.55,22.863
1909.55,22.63
1910.55,22.398
1911.55,22.168
1912.55,21.94
1913.55,21.713
1913.75,21.668
1913.93,21.627
1914.092,21.591
1914.238,21.558
1914.434,21.514
1914.471,21.505
1914.49,21.501
1914.511,21.496
1914.532,21.492
1914.626,21.471
1914.642,21.467
1914.652,21.465
1914.657,21.464
1914.668,21.461
1914.713,21.451
1914.765,21.439
1914.82,21.427
1914.878,21.414
1914.943,21.399
1915.235,21.333
1916.235,21.104
1917.235,20.871
1918.235,20.635
1919.235,20.396
1920.235,20.155
1921.235,19.911
1922.235,19.666
1923.235,19.419
1924.235,19.171
1925.235,18.922
1926.235,18.672
1927.235,18.422
1928.235,18.172
1929.235,17.923
1930.235,17.674
1931.235,17.426
1932.235,17.179
1933.235,16.933
1934.235,16.689
1935.235,16.447
1936.235,16.207
1937.235,15.969
1938.235,15.733
1939.235,15.5
1940.235,15.269
1941.235,15.041
1942.235,14.816
1943.235,14.594
1944.235,14.374
1945.235,14.158
1946.235,13.945
1947.235,13.734
1948.235,13.527
1949.235,13.323
1950.235,13.122
1951.235,12.924
1952.235,12.729
1953.235,12.537
1954.235,12.347
1955.235,12.161
1956.235,11.978
1957.235,11.797
1958.235,11.619
1959.235,11.444
1960.235,11.272
1961.235,11.102
1962.235,10.934
1963.235,10.77
1964.235,10.607
1965.235,10.447
1966.235,10.289
1967.235,10.132
1968.235,9.978
1969.235,9.826
1970.235,9.676
1971.235,9.527
1972.235,9.38
1973.235,9.235
1974.235,9.091
1975.235,8.949
1976.235,8.808
1977.235,8.669
1978.235,8.531
1979.235,8.395
1980.235,8.259
1981.235,8.126
1982.235,7.993
1983.235,7.861
1984.235,7.731
1985.235,7.602
1986.235,7.474
1987.235,7.347
1988.235,7.222
1989.235,7.097
1990.235,6.973
1991.235,6.851
1992.235,6.729
1993.235,6.608
1994.235,6.488
1995.235,6.37
1996.235,6.252
1997.235,6.135
1998.235,6.018
1999.235,5.903
2000.235,5.788
2001.235,5.675
2002.235,5.562
2003.235,5.45
2004.235,5.338
2005.235,5.228
2006.235,5.118
2007.235,5.009
2008.235,4.901
2009.235,4.793
2010.235,4.686
2011.235,4.58
2012.235,4.474
2013.235,4.369
2014.235,4.265
2015.235,4.161
2016.235,4.058
2017.235,3.956
2018.235,3.854
2019.235,3.753
2020.235,3.652
2021.235,3.552
2022.235,3.452
2023.235,3.353
2024.235,3.255
2025.235,3.157
2026.235,3.06
2027.235,2.963
2028.235,2.867
2029.235,2.771
2030.235,2.676
2031.235,2.581
2032.235,2.487
2033.235,2.394
2034.235,2.3
2035.235,2.208
2036.235,2.115
2037.235,2.024
2038.235,1.932
2039.235,1.841
2040.235,1.751
2041.235,1.661
2042.235,1.571
2043.235,1.482
2044.235,1.393
2045.235,1.305
2046.235,1.217
2047.235,1.13
2048.235,1.043
2049.235,0.956
2050.235,0.87
2051.235,0.784
2052.235,0.698
2053.235,0.613
2054.235,0.529
2055.235,0.444
2056.235,0.36
2057.235,0.277
2058.235,0.194
2059.235,0.111
2060.235,0.028
2061.235,0.0
