Material,Altitude (km),Mass Loss Rate (kg/km)
drama-AA7075,1.262959595959596,0.0
drama-AA7075,2.525919191919192,0.0
drama-AA7075,3.7888787878787884,0.0
drama-AA7075,5.051838383838384,0.0
drama-AA7075,6.31479797979798,0.0
drama-AA7075,7.577757575757577,0.0
drama-AA7075,8.840717171717172,0.0
drama-AA7075,10.103676767676768,0.0
drama-AA7075,11.366636363636365,0.0
drama-AA7075,12.62959595959596,0.0
drama-AA7075,13.892555555555557,0.0
drama-AA7075,15.155515151515154,0.0
drama-AA7075,16.41847474747475,0.0
drama-AA7075,17.681434343434344,0.0
drama-AA7075,18.94439393939394,0.0
drama-AA7075,20.207353535353537,0.0
drama-AA7075,21.470313131313134,0.0
drama-AA7075,22.73327272727273,0.0
drama-AA7075,23.996232323232324,0.0
drama-AA7075,25.25919191919192,0.0
drama-AA7075,26.522151515151517,0.0
drama-AA7075,27.785111111111114,0.0
drama-AA7075,29.04807070707071,0.0
drama-AA7075,30.311030303030307,0.0
drama-AA7075,31.5739898989899,0.0
drama-AA7075,32.8369494949495,0.0
drama-AA7075,34.099909090909094,0.0
drama-AA7075,35.36286868686869,0.0
drama-AA7075,36.62582828282829,0.0
drama-AA7075,37.88878787878788,0.0
drama-AA7075,39.15174747474748,0.0
drama-AA7075,40.414707070707074,0.0
drama-AA7075,41.67766666666667,0.0
drama-AA7075,42.94062626262627,0.0
drama-AA7075,44.20358585858586,0.0
drama-AA7075,45.46654545454546,0.0
drama-AA7075,46.729505050505054,0.0
drama-AA7075,47.99246464646465,0.0
drama-AA7075,49.25542424242425,0.0
drama-AA7075,50.51838383838384,0.0
drama-AA7075,51.78134343434344,0.0
drama-AA7075,53.044303030303034,0.0
drama-AA7075,54.30726262626263,0.00993494860214313
drama-AA7075,55.57022222222223,0.09094613307802187
drama-AA7075,56.83318181818182,0.24612052728638306
drama-AA7075,58.09614141414142,0.5011735155356242
drama-AA7075,59.359101010101014,1.190706389661068
drama-AA7075,60.622060606060614,8.808464530564464
drama-AA7075,61.88502020202021,19.99725759769624
drama-AA7075,63.1479797979798,33.73726320590125
drama-AA7075,64.4109393939394,44.38551393831391
drama-AA7075,65.673898989899,46.73789123036274
drama-AA7075,66.93685858585859,24.583323212510557
drama-AA7075,68.19981818181819,13.992544298809934
drama-AA7075,69.46277777777779,5.661588036045071
drama-AA7075,70.72573737373737,0.6689521757105313
drama-AA7075,71.98869696969697,2.4341002654290946
drama-AA7075,73.25165656565657,3.9908785547282823
drama-AA7075,74.51461616161616,5.69081838234693
drama-AA7075,75.77757575757576,10.28371853196037
drama-AA7075,77.04053535353536,22.24543106878357
drama-AA7075,78.30349494949496,32.84880584452566
drama-AA7075,79.56645454545455,48.10594760519479
drama-AA7075,80.82941414141415,48.531261232234925
drama-AA7075,82.09237373737375,37.75014373549822
drama-AA7075,83.35533333333333,25.36070205230133
drama-AA7075,84.61829292929293,15.17656565301519
drama-AA7075,85.88125252525253,1.5498102500938506
drama-AA7075,87.14421212121214,0.0
drama-AA7075,88.40717171717172,0.0
drama-AA7075,89.67013131313132,0.0
drama-AA7075,90.93309090909092,0.0
drama-AA7075,92.19605050505051,0.0
drama-AA7075,93.45901010101011,0.0
drama-AA7075,94.72196969696971,0.0
drama-AA7075,95.9849292929293,0.0
drama-AA7075,97.2478888888889,0.0
drama-AA7075,98.5108484848485,0.0
drama-AA7075,99.7738080808081,0.0
drama-AA7075,101.03676767676768,0.0
drama-AA7075,102.29972727272728,0.0
drama-AA7075,103.56268686868688,0.0
drama-AA7075,104.82564646464647,0.0
drama-AA7075,106.08860606060607,0.0
drama-AA7075,107.35156565656567,0.0
drama-AA7075,108.61452525252525,0.0
drama-AA7075,109.87748484848485,0.0
drama-AA7075,111.14044444444446,0.0
drama-AA7075,112.40340404040406,0.0
drama-AA7075,113.66636363636364,0.0
drama-AA7075,114.92932323232324,0.0
drama-AA7075,116.19228282828284,0.0
drama-AA7075,117.45524242424243,0.0
drama-AA7075,118.71820202020203,0.0
drama-AA7075,119.98116161616163,0.0
drama-AA7075,121.24412121212123,0.0
drama-AA7075,122.50708080808081,0.0
drama-AA7075,123.77004040404042,0.0
drama-AA7075,125.033,0.0
drama-El-Mat,0.8117070707070706,0.0
drama-El-Mat,1.6234141414141412,0.0
drama-El-Mat,2.435121212121212,0.0
drama-El-Mat,3.2468282828282824,0.0
drama-El-Mat,4.058535353535353,0.0
drama-El-Mat,4.870242424242424,0.0
drama-El-Mat,5.681949494949494,0.0
drama-El-Mat,6.493656565656565,0.0
drama-El-Mat,7.305363636363635,0.0
drama-El-Mat,8.117070707070706,0.0
drama-El-Mat,8.928777777777777,0.0
drama-El-Mat,9.740484848484847,0.0
drama-El-Mat,10.552191919191918,0.0
drama-El-Mat,11.363898989898988,0.0
drama-El-Mat,12.175606060606059,0.0
drama-El-Mat,12.98731313131313,0.0
drama-El-Mat,13.7990202020202,0.0
drama-El-Mat,14.61072727272727,0.0
drama-El-Mat,15.422434343434341,0.0
drama-El-Mat,16.234141414141412,0.0
drama-El-Mat,17.045848484848484,0.0
drama-El-Mat,17.857555555555553,0.0
drama-El-Mat,18.669262626262622,0.0
drama-El-Mat,19.480969696969694,0.0
drama-El-Mat,20.292676767676767,0.0
drama-El-Mat,21.104383838383836,0.0
drama-El-Mat,21.916090909090904,0.0
drama-El-Mat,22.727797979797977,0.0
drama-El-Mat,23.53950505050505,0.0
drama-El-Mat,24.351212121212118,0.0
drama-El-Mat,25.162919191919187,0.0
drama-El-Mat,25.97462626262626,0.0
drama-El-Mat,26.78633333333333,0.0
drama-El-Mat,27.5980404040404,0.0
drama-El-Mat,28.40974747474747,0.0
drama-El-Mat,29.22145454545454,0.0
drama-El-Mat,30.033161616161614,0.0
drama-El-Mat,30.844868686868683,0.0
drama-El-Mat,31.65657575757575,0.0
drama-El-Mat,32.468282828282824,0.0
drama-El-Mat,33.279989898989896,0.0
drama-El-Mat,34.09169696969697,0.0
drama-El-Mat,34.903404040404034,0.0
drama-El-Mat,35.715111111111106,0.0
drama-El-Mat,36.52681818181818,0.0
drama-El-Mat,37.338525252525244,0.0
drama-El-Mat,38.150232323232316,0.0
drama-El-Mat,38.96193939393939,0.0
drama-El-Mat,39.77364646464646,0.0
drama-El-Mat,40.58535353535353,0.0
drama-El-Mat,41.3970606060606,0.0
drama-El-Mat,42.20876767676767,0.0
drama-El-Mat,43.02047474747474,0.0
drama-El-Mat,43.83218181818181,0.0
drama-El-Mat,44.64388888888888,0.0
drama-El-Mat,45.455595959595954,0.0
drama-El-Mat,46.267303030303026,0.0
drama-El-Mat,47.0790101010101,0.0
drama-El-Mat,47.890717171717164,0.0
drama-El-Mat,48.702424242424236,0.0
drama-El-Mat,49.51413131313131,0.0
drama-El-Mat,50.325838383838374,0.0384792870094627
drama-El-Mat,51.137545454545446,0.13180756289732806
drama-El-Mat,51.94925252525252,0.26086506223666817
drama-El-Mat,52.76095959595959,1.1823895880001216
drama-El-Mat,53.57266666666666,7.9630181296602185
drama-El-Mat,54.38437373737373,14.725815937893765
drama-El-Mat,55.1960808080808,14.298123984026299
drama-El-Mat,56.00778787878787,6.934352618085894
drama-El-Mat,56.81949494949494,5.693139566832597
drama-El-Mat,57.63120202020201,6.972520899226508
drama-El-Mat,58.44290909090908,22.680317048330686
drama-El-Mat,59.254616161616156,2.3440118350773997
drama-El-Mat,60.06632323232323,1.51594237029558
drama-El-Mat,60.87803030303029,1.5834610612108388
drama-El-Mat,61.689737373737366,8.056003636511319
drama-El-Mat,62.50144444444444,0.6540350648164638
drama-El-Mat,63.3131515151515,0.0
drama-El-Mat,64.12485858585858,0.0
drama-El-Mat,64.93656565656565,0.0
drama-El-Mat,65.74827272727272,0.0
drama-El-Mat,66.55997979797979,0.0
drama-El-Mat,67.37168686868687,0.0
drama-El-Mat,68.18339393939394,0.0
drama-El-Mat,68.995101010101,0.0
drama-El-Mat,69.80680808080807,0.0
drama-El-Mat,70.61851515151514,0.0
drama-El-Mat,71.43022222222221,5.474998075764075
drama-El-Mat,72.24192929292929,43.5143732585403
drama-El-Mat,73.05363636363636,39.41690549840863
drama-El-Mat,73.86534343434343,15.609079256834871
drama-El-Mat,74.67705050505049,0.465100728129472
drama-El-Mat,75.48875757575756,24.170210245693525
drama-El-Mat,76.30046464646463,6.0530997829061235
drama-El-Mat,77.1121717171717,3.4618399930312327
drama-El-Mat,77.92387878787878,0.0
drama-El-Mat,78.73558585858585,0.640625194439962
drama-El-Mat,79.54729292929292,8.081733222165484
drama-El-Mat,80.359,0.0
drama-Bat-NiCd,63.48034343434343,8.786574013853306
drama-Bat-NiCd,63.63468686868687,16.263181735959755
drama-Bat-NiCd,63.7890303030303,20.17282470907218
drama-Bat-NiCd,63.94337373737374,22.7941176470586
drama-Bat-NiCd,64.09771717171718,24.602832287943226
drama-Bat-NiCd,64.25206060606061,25.970304319372065
drama-Bat-NiCd,64.40640404040404,27.14659979578908
drama-Bat-NiCd,64.56074747474747,28.047813141054863
drama-Bat-NiCd,64.7150909090909,28.822033147556123
drama-Bat-NiCd,64.86943434343435,29.51863207138867
drama-Bat-NiCd,65.02377777777778,30.055562439977034
drama-Bat-NiCd,65.17812121212121,30.500975924634215
drama-Bat-NiCd,65.33246464646464,31.059033764930625
drama-Bat-NiCd,65.48680808080807,31.304935832760478
drama-Bat-NiCd,65.64115151515152,31.794949172479676
drama-Bat-NiCd,65.79549494949495,32.13414634146305
drama-Bat-NiCd,65.94983838383838,32.16334918912256
drama-Bat-NiCd,66.10418181818181,32.57541253422923
drama-Bat-NiCd,66.25852525252525,32.76855382300079
drama-Bat-NiCd,66.41286868686869,33.1008593395453
drama-Bat-NiCd,66.56721212121212,33.127523132140624
drama-Bat-NiCd,66.72155555555555,33.22178286975227
drama-Bat-NiCd,66.87589898989899,33.297293793028004
drama-Bat-NiCd,67.03024242424242,33.545679418070435
drama-Bat-NiCd,67.18458585858586,33.555218713055076
drama-Bat-NiCd,67.3389292929293,33.68381522287354
drama-Bat-NiCd,67.49327272727272,33.79859034295211
drama-Bat-NiCd,67.64761616161616,33.67433779967146
drama-Bat-NiCd,67.8019595959596,33.82450072333945
drama-Bat-NiCd,67.95630303030303,33.8943891651144
drama-Bat-NiCd,68.11064646464646,33.73262412593542
drama-Bat-NiCd,68.2649898989899,33.87395106589545
drama-Bat-NiCd,68.41933333333333,33.93505631650893
drama-Bat-NiCd,68.57367676767677,33.68331779387786
drama-Bat-NiCd,68.7280202020202,33.9052748616378
drama-Bat-NiCd,68.88236363636364,33.6770793006284
drama-Bat-NiCd,69.03670707070707,33.85240763955566
drama-Bat-NiCd,69.1910505050505,33.681058668766916
drama-Bat-NiCd,69.34539393939394,33.72846391174291
drama-Bat-NiCd,69.49973737373737,33.56665168986738
drama-Bat-NiCd,69.6540808080808,15.198275331475381
drama-Bat-NiCd,69.80842424242424,0.33468965778875104
drama-Bat-NiCd,69.96276767676767,0.0
drama-Bat-NiCd,70.11711111111111,0.0
drama-Bat-NiCd,70.27145454545455,0.0
drama-Bat-NiCd,70.42579797979798,0.0
drama-Bat-NiCd,70.58014141414141,0.0
drama-Bat-NiCd,70.73448484848484,0.0
drama-Bat-NiCd,70.88882828282829,0.0
drama-Bat-NiCd,71.04317171717172,0.0
drama-Bat-NiCd,71.19751515151515,0.0
drama-Bat-NiCd,71.35185858585858,0.0
drama-Bat-NiCd,71.50620202020201,0.0
drama-Bat-NiCd,71.66054545454546,0.0
drama-Bat-NiCd,71.81488888888889,0.0
drama-Bat-NiCd,71.96923232323232,0.0
drama-Bat-NiCd,72.12357575757575,0.0
drama-Bat-NiCd,72.27791919191918,0.0
drama-Bat-NiCd,72.43226262626263,0.0
drama-Bat-NiCd,72.58660606060606,0.0
drama-Bat-NiCd,72.74094949494949,0.0
drama-Bat-NiCd,72.89529292929292,0.0
drama-Bat-NiCd,73.04963636363635,0.0
drama-Bat-NiCd,73.2039797979798,0.0
drama-Bat-NiCd,73.35832323232323,0.0
drama-Bat-NiCd,73.51266666666666,0.0
drama-Bat-NiCd,73.66701010101009,0.0
drama-Bat-NiCd,73.82135353535354,0.0
drama-Bat-NiCd,73.97569696969697,0.0
drama-Bat-NiCd,74.1300404040404,0.0
drama-Bat-NiCd,74.28438383838383,0.0
drama-Bat-NiCd,74.43872727272726,0.0
drama-Bat-NiCd,74.59307070707071,0.0
drama-Bat-NiCd,74.74741414141414,0.0
drama-Bat-NiCd,74.90175757575757,0.0
drama-Bat-NiCd,75.056101010101,0.0
drama-Bat-NiCd,75.21044444444445,0.0
drama-Bat-NiCd,75.36478787878788,0.0
drama-Bat-NiCd,75.51913131313131,0.0
drama-Bat-NiCd,75.67347474747474,0.0
drama-Bat-NiCd,75.82781818181817,0.0
drama-Bat-NiCd,75.98216161616162,0.0
drama-Bat-NiCd,76.13650505050505,0.0
drama-Bat-NiCd,76.29084848484848,0.0
drama-Bat-NiCd,76.44519191919191,0.0
drama-Bat-NiCd,76.59953535353534,0.0
drama-Bat-NiCd,76.75387878787879,0.0
drama-Bat-NiCd,76.90822222222222,0.0
drama-Bat-NiCd,77.06256565656565,0.0
drama-Bat-NiCd,77.21690909090908,0.0
drama-Bat-NiCd,77.37125252525252,0.0
drama-Bat-NiCd,77.52559595959596,0.0
drama-Bat-NiCd,77.67993939393939,0.0
drama-Bat-NiCd,77.83428282828282,0.0
drama-Bat-NiCd,77.98862626262625,0.0
drama-Bat-NiCd,78.14296969696969,0.0
drama-Bat-NiCd,78.29731313131313,0.0
drama-Bat-NiCd,78.45165656565656,0.0
drama-Bat-NiCd,78.606,0.0
drama-HC-AA7075,1.262959595959596,0.0
drama-HC-AA7075,2.525919191919192,0.0
drama-HC-AA7075,3.7888787878787884,0.0
drama-HC-AA7075,5.051838383838384,0.0
drama-HC-AA7075,6.31479797979798,0.0
drama-HC-AA7075,7.577757575757577,0.0
drama-HC-AA7075,8.840717171717172,0.0
drama-HC-AA7075,10.103676767676768,0.0
drama-HC-AA7075,11.366636363636365,0.0
drama-HC-AA7075,12.62959595959596,0.0
drama-HC-AA7075,13.892555555555557,0.0
drama-HC-AA7075,15.155515151515154,0.0
drama-HC-AA7075,16.41847474747475,0.0
drama-HC-AA7075,17.681434343434344,0.0
drama-HC-AA7075,18.94439393939394,0.0
drama-HC-AA7075,20.207353535353537,0.0
drama-HC-AA7075,21.470313131313134,0.0
drama-HC-AA7075,22.73327272727273,0.0
drama-HC-AA7075,23.996232323232324,0.0
drama-HC-AA7075,25.25919191919192,0.0
drama-HC-AA7075,26.522151515151517,0.0
drama-HC-AA7075,27.785111111111114,0.0
drama-HC-AA7075,29.04807070707071,0.0
drama-HC-AA7075,30.311030303030307,0.0
drama-HC-AA7075,31.5739898989899,0.0
drama-HC-AA7075,32.8369494949495,0.0
drama-HC-AA7075,34.099909090909094,0.0
drama-HC-AA7075,35.36286868686869,0.0
drama-HC-AA7075,36.62582828282829,0.0
drama-HC-AA7075,37.88878787878788,0.0
drama-HC-AA7075,39.15174747474748,0.0
drama-HC-AA7075,40.414707070707074,0.0
drama-HC-AA7075,41.67766666666667,0.0236618911917148
drama-HC-AA7075,42.94062626262627,0.264310502557867
drama-HC-AA7075,44.20358585858586,0.606923365927865
drama-HC-AA7075,45.46654545454546,1.0113132670005316
drama-HC-AA7075,46.729505050505054,1.4769285960739635
drama-HC-AA7075,47.99246464646465,2.0006204246401325
drama-HC-AA7075,49.25542424242425,2.6005498514201943
drama-HC-AA7075,50.51838383838384,3.2663086050973185
drama-HC-AA7075,51.78134343434344,3.9847326550516335
drama-HC-AA7075,53.044303030303034,1.8617931954571758
drama-HC-AA7075,54.30726262626263,0.0
drama-HC-AA7075,55.57022222222223,0.0
drama-HC-AA7075,56.83318181818182,0.00482573741216141
drama-HC-AA7075,58.09614141414142,0.25302553615509676
drama-HC-AA7075,59.359101010101014,0.7743302465114634
drama-HC-AA7075,60.622060606060614,1.5177422383206578
drama-HC-AA7075,61.88502020202021,2.5467854163131567
drama-HC-AA7075,63.1479797979798,4.180268694434441
drama-HC-AA7075,64.4109393939394,6.583881554103202
drama-HC-AA7075,65.673898989899,8.401602377075074
drama-HC-AA7075,66.93685858585859,9.1903085028095
drama-HC-AA7075,68.19981818181819,19.689459753853686
drama-HC-AA7075,69.46277777777779,13.572503456262558
drama-HC-AA7075,70.72573737373737,6.606635452448591
drama-HC-AA7075,71.98869696969697,7.508808563084926
drama-HC-AA7075,73.25165656565657,8.210835412585046
drama-HC-AA7075,74.51461616161616,8.73719132339633
drama-HC-AA7075,75.77757575757576,9.142470554632752
drama-HC-AA7075,77.04053535353536,6.024347694657561
drama-HC-AA7075,78.30349494949496,0.0
drama-HC-AA7075,79.56645454545455,0.0
drama-HC-AA7075,80.82941414141415,0.0
drama-HC-AA7075,82.09237373737375,0.0
drama-HC-AA7075,83.35533333333333,0.0
drama-HC-AA7075,84.61829292929293,0.0
drama-HC-AA7075,85.88125252525253,5.84692861863703
drama-HC-AA7075,87.14421212121214,8.40530879068695
drama-HC-AA7075,88.40717171717172,0.0
drama-HC-AA7075,89.67013131313132,0.0
drama-HC-AA7075,90.93309090909092,0.0
drama-HC-AA7075,92.19605050505051,0.0
drama-HC-AA7075,93.45901010101011,0.0
drama-HC-AA7075,94.72196969696971,0.0
drama-HC-AA7075,95.9849292929293,0.0
drama-HC-AA7075,97.2478888888889,0.0
drama-HC-AA7075,98.5108484848485,0.0
drama-HC-AA7075,99.7738080808081,0.0
drama-HC-AA7075,101.03676767676768,0.0
drama-HC-AA7075,102.29972727272728,0.0
drama-HC-AA7075,103.56268686868688,0.0
drama-HC-AA7075,104.82564646464647,0.0
drama-HC-AA7075,106.08860606060607,0.0
drama-HC-AA7075,107.35156565656567,0.0
drama-HC-AA7075,108.61452525252525,0.0
drama-HC-AA7075,109.87748484848485,0.0
drama-HC-AA7075,111.14044444444446,0.0
drama-HC-AA7075,112.40340404040406,0.0
drama-HC-AA7075,113.66636363636364,0.0
drama-HC-AA7075,114.92932323232324,0.0
drama-HC-AA7075,116.19228282828284,0.0
drama-HC-AA7075,117.45524242424243,0.0
drama-HC-AA7075,118.71820202020203,0.0
drama-HC-AA7075,119.98116161616163,0.0
drama-HC-AA7075,121.24412121212123,0.0
drama-HC-AA7075,122.50708080808081,0.0
drama-HC-AA7075,123.77004040404042,0.0
drama-HC-AA7075,125.033,0.0
drama-SolarPanel-Mat,100.0321111111111,29.376833852924733
drama-SolarPanel-Mat,100.28722222222223,30.13759782614093
drama-SolarPanel-Mat,100.54233333333333,27.820910631886566
drama-SolarPanel-Mat,100.79744444444445,25.383552869070886
drama-SolarPanel-Mat,101.05255555555556,23.11961624080561
drama-SolarPanel-Mat,101.30766666666666,20.71725015209343
drama-SolarPanel-Mat,101.56277777777778,18.46805624688835
drama-SolarPanel-Mat,101.81788888888889,16.084905425584978
drama-SolarPanel-Mat,102.07300000000001,13.83469387755133
drama-SolarPanel-Mat,102.32811111111111,11.507043305126894
drama-SolarPanel-Mat,102.58322222222222,9.198084355693435
drama-SolarPanel-Mat,102.83833333333334,6.881046320967344
drama-SolarPanel-Mat,103.09344444444444,2.662046525927421
drama-SolarPanel-Mat,103.34855555555556,0.0
drama-SolarPanel-Mat,103.60366666666667,0.0
drama-SolarPanel-Mat,103.85877777777777,0.0
drama-SolarPanel-Mat,104.1138888888889,0.0
drama-SolarPanel-Mat,104.369,0.0
drama-SolarPanel-Mat,104.62411111111112,0.0
drama-SolarPanel-Mat,104.87922222222223,0.0
drama-SolarPanel-Mat,105.13433333333333,0.0
drama-SolarPanel-Mat,105.38944444444445,0.0
drama-SolarPanel-Mat,105.64455555555556,0.0
drama-SolarPanel-Mat,105.89966666666666,0.0
drama-SolarPanel-Mat,106.15477777777778,0.0
drama-SolarPanel-Mat,106.40988888888889,0.0
drama-SolarPanel-Mat,106.665,0.0
drama-SolarPanel-Mat,106.92011111111111,0.0
drama-SolarPanel-Mat,107.17522222222222,0.0
drama-SolarPanel-Mat,107.43033333333334,0.0
drama-SolarPanel-Mat,107.68544444444444,0.0
drama-SolarPanel-Mat,107.94055555555556,0.0
drama-SolarPanel-Mat,108.19566666666667,0.0
drama-SolarPanel-Mat,108.45077777777777,0.0
drama-SolarPanel-Mat,108.7058888888889,0.0
drama-SolarPanel-Mat,108.961,0.0
drama-SolarPanel-Mat,109.21611111111112,0.0
drama-SolarPanel-Mat,109.47122222222222,0.0
drama-SolarPanel-Mat,109.72633333333333,0.0
drama-SolarPanel-Mat,109.98144444444445,0.0
drama-SolarPanel-Mat,110.23655555555555,0.0
drama-SolarPanel-Mat,110.49166666666667,0.0
drama-SolarPanel-Mat,110.74677777777778,0.0
drama-SolarPanel-Mat,111.00188888888889,0.0
drama-SolarPanel-Mat,111.257,0.0
drama-SolarPanel-Mat,111.51211111111111,0.0
drama-SolarPanel-Mat,111.76722222222222,0.0
drama-SolarPanel-Mat,112.02233333333334,0.0
drama-SolarPanel-Mat,112.27744444444444,0.0
drama-SolarPanel-Mat,112.53255555555556,0.0
drama-SolarPanel-Mat,112.78766666666667,0.0
drama-SolarPanel-Mat,113.04277777777779,0.0
drama-SolarPanel-Mat,113.29788888888889,0.0
drama-SolarPanel-Mat,113.553,0.0
drama-SolarPanel-Mat,113.80811111111112,0.0
drama-SolarPanel-Mat,114.06322222222222,0.0
drama-SolarPanel-Mat,114.31833333333333,0.0
drama-SolarPanel-Mat,114.57344444444445,0.0
drama-SolarPanel-Mat,114.82855555555555,0.0
drama-SolarPanel-Mat,115.08366666666667,0.0
drama-SolarPanel-Mat,115.33877777777778,0.0
drama-SolarPanel-Mat,115.5938888888889,0.0
drama-SolarPanel-Mat,115.849,0.0
drama-SolarPanel-Mat,116.10411111111111,0.0
drama-SolarPanel-Mat,116.35922222222223,0.0
drama-SolarPanel-Mat,116.61433333333333,0.0
drama-SolarPanel-Mat,116.86944444444444,0.0
drama-SolarPanel-Mat,117.12455555555556,0.0
drama-SolarPanel-Mat,117.37966666666667,0.0
drama-SolarPanel-Mat,117.63477777777777,0.0
drama-SolarPanel-Mat,117.88988888888889,0.0
drama-SolarPanel-Mat,118.14500000000001,0.0
drama-SolarPanel-Mat,118.40011111111112,0.0
drama-SolarPanel-Mat,118.65522222222222,0.0
drama-SolarPanel-Mat,118.91033333333334,0.0
drama-SolarPanel-Mat,119.16544444444445,0.0
drama-SolarPanel-Mat,119.42055555555555,0.0
drama-SolarPanel-Mat,119.67566666666667,0.0
drama-SolarPanel-Mat,119.93077777777778,0.0
drama-SolarPanel-Mat,120.18588888888888,0.0
drama-SolarPanel-Mat,120.441,0.0
drama-SolarPanel-Mat,120.69611111111111,0.0
drama-SolarPanel-Mat,120.95122222222223,0.0
drama-SolarPanel-Mat,121.20633333333333,0.0
drama-SolarPanel-Mat,121.46144444444445,0.0
drama-SolarPanel-Mat,121.71655555555556,0.0
drama-SolarPanel-Mat,121.97166666666666,0.0
drama-SolarPanel-Mat,122.22677777777778,0.0
drama-SolarPanel-Mat,122.48188888888889,0.0
drama-SolarPanel-Mat,122.737,0.0
drama-SolarPanel-Mat,122.99211111111111,0.0
drama-SolarPanel-Mat,123.24722222222222,0.0
drama-SolarPanel-Mat,123.50233333333334,0.0
drama-SolarPanel-Mat,123.75744444444445,0.0
drama-SolarPanel-Mat,124.01255555555556,0.0
drama-SolarPanel-Mat,124.26766666666667,0.0
drama-SolarPanel-Mat,124.52277777777778,0.0
drama-SolarPanel-Mat,124.7778888888889,0.0
drama-SolarPanel-Mat,125.033,0.0
drama-A316,0.8873131313131313,0.0
drama-A316,1.7746262626262626,0.0
drama-A316,2.661939393939394,0.0
drama-A316,3.549252525252525,0.0
drama-A316,4.436565656565657,0.0
drama-A316,5.323878787878788,0.0
drama-A316,6.2111919191919185,0.0
drama-A316,7.09850505050505,0.0
drama-A316,7.985818181818182,0.0
drama-A316,8.873131313131314,0.0
drama-A316,9.760444444444444,0.0
drama-A316,10.647757575757575,0.0
drama-A316,11.535070707070707,0.0
drama-A316,12.422383838383837,0.0
drama-A316,13.309696969696969,0.0
drama-A316,14.1970101010101,0.0
drama-A316,15.084323232323232,0.0
drama-A316,15.971636363636364,0.0
drama-A316,16.858949494949496,0.0
drama-A316,17.746262626262627,0.0
drama-A316,18.633575757575755,0.0
drama-A316,19.520888888888887,0.0
drama-A316,20.40820202020202,0.0
drama-A316,21.29551515151515,0.0
drama-A316,22.182828282828282,0.0
drama-A316,23.070141414141414,0.0
drama-A316,23.957454545454546,0.0
drama-A316,24.844767676767674,0.0
drama-A316,25.732080808080806,0.0
drama-A316,26.619393939393937,0.0
drama-A316,27.50670707070707,0.0
drama-A316,28.3940202020202,0.0
drama-A316,29.281333333333333,0.0
drama-A316,30.168646464646464,0.0
drama-A316,31.055959595959596,0.0
drama-A316,31.943272727272728,0.0
drama-A316,32.830585858585856,0.0
drama-A316,33.71789898989899,0.0
drama-A316,34.60521212121212,0.0
drama-A316,35.492525252525255,0.0
drama-A316,36.37983838383838,0.0
drama-A316,37.26715151515151,0.0
drama-A316,38.154464646464646,0.0
drama-A316,39.041777777777774,0.0
drama-A316,39.92909090909091,0.0
drama-A316,40.81640404040404,0.0
drama-A316,41.70371717171717,0.0
drama-A316,42.5910303030303,0.0
drama-A316,43.47834343434343,0.0
drama-A316,44.365656565656565,0.0
drama-A316,45.25296969696969,0.0
drama-A316,46.14028282828283,0.0
drama-A316,47.027595959595956,0.0
drama-A316,47.91490909090909,0.0
drama-A316,48.80222222222222,0.0
drama-A316,49.68953535353535,0.15458934970451135
drama-A316,50.57684848484848,0.5384846419140976
drama-A316,51.46416161616161,0.9422008913184122
drama-A316,52.35147474747475,1.3411675133927383
drama-A316,53.238787878787875,1.7489216716557445
drama-A316,54.12610101010101,2.1318494823320324
drama-A316,55.01341414141414,2.4901088044421114
drama-A316,55.90072727272727,2.8172919495453455
drama-A316,56.7880404040404,3.0999304189164874
drama-A316,57.67535353535353,3.337247865138213
drama-A316,58.562666666666665,0.14919780369898797
drama-A316,59.44997979797979,0.0
drama-A316,60.33729292929293,0.0
drama-A316,61.22460606060606,0.0
drama-A316,62.11191919191919,0.0
drama-A316,62.99923232323232,0.0
drama-A316,63.886545454545455,0.0
drama-A316,64.77385858585858,0.07567699800513594
drama-A316,65.66117171717171,0.4050480778033368
drama-A316,66.54848484848485,0.6904139713835421
drama-A316,67.43579797979798,0.907664802983823
drama-A316,68.3231111111111,1.0482191467823319
drama-A316,69.21042424242424,1.1278592773539127
drama-A316,70.09773737373737,1.0583121661412367
drama-A316,70.98505050505051,0.03553740235891939
drama-A316,71.87236363636363,0.0
drama-A316,72.75967676767677,0.0
drama-A316,73.6469898989899,0.0
drama-A316,74.53430303030302,0.0
drama-A316,75.42161616161616,0.0
drama-A316,76.30892929292929,0.0
drama-A316,77.19624242424243,0.0
drama-A316,78.08355555555555,0.0
drama-A316,78.97086868686868,0.0
drama-A316,79.85818181818182,0.0
drama-A316,80.74549494949494,0.0
drama-A316,81.63280808080808,0.0
drama-A316,82.52012121212121,0.0
drama-A316,83.40743434343435,0.0
drama-A316,84.29474747474747,0.0
drama-A316,85.1820606060606,0.0
drama-A316,86.06937373737374,0.0
drama-A316,86.95668686868686,0.0
drama-A316,87.844,0.0
drama-CFRP,0.8873131313131313,0.0011269978598478292
drama-CFRP,1.7746262626262626,0.0
drama-CFRP,2.661939393939394,0.0011269978598478292
drama-CFRP,3.549252525252525,0.0
drama-CFRP,4.436565656565657,0.0
drama-CFRP,5.323878787878788,0.0011269978598318143
drama-CFRP,6.2111919191919185,0.0
drama-CFRP,7.09850505050505,0.0011269978598478286
drama-CFRP,7.985818181818182,0.0
drama-CFRP,8.873131313131314,0.0
drama-CFRP,9.760444444444444,0.001126997859847831
drama-CFRP,10.647757575757575,0.0
drama-CFRP,11.535070707070707,0.0011269978598318132
drama-CFRP,12.422383838383837,0.0
drama-CFRP,13.309696969696969,0.0
drama-CFRP,14.1970101010101,0.0011269978598478286
drama-CFRP,15.084323232323232,0.0
drama-CFRP,15.971636363636364,0.0011269978598478286
drama-CFRP,16.858949494949496,0.0
drama-CFRP,17.746262626262627,0.0
drama-CFRP,18.633575757575755,0.0011269978598318175
drama-CFRP,19.520888888888887,0.0
drama-CFRP,20.40820202020202,0.0011269978598478286
drama-CFRP,21.29551515151515,0.0002452074131397175
drama-CFRP,22.182828282828282,0.0008817904467081113
drama-CFRP,23.070141414141414,0.0011269978598318132
drama-CFRP,23.957454545454546,0.0004586669464102967
drama-CFRP,24.844767676767674,0.0006683309134375347
drama-CFRP,25.732080808080806,0.0011269978598478286
drama-CFRP,26.619393939393937,0.001301788747180393
drama-CFRP,27.50670707070707,0.0016785751548998823
drama-CFRP,28.3940202020202,0.0015276275372790083
drama-CFRP,29.281333333333333,0.0020170611765384628
drama-CFRP,30.168646464646464,0.002490930262836836
drama-CFRP,31.055959595959596,0.004202573122055942
drama-CFRP,31.943272727272728,0.004107428763875285
drama-CFRP,32.830585858585856,0.006159099195691279
drama-CFRP,33.71789898989899,0.006662315967169593
drama-CFRP,34.60521212121212,0.007596115319760066
drama-CFRP,35.492525252525255,0.009707930696856593
drama-CFRP,36.37983838383838,0.012264711029466819
drama-CFRP,37.26715151515151,0.014601697659336409
drama-CFRP,38.154464646464646,0.017309862746478364
drama-CFRP,39.041777777777774,0.020237955721968542
drama-CFRP,39.92909090909091,0.023673344630987116
drama-CFRP,40.81640404040404,0.027817651201250383
drama-CFRP,41.70371717171717,0.03208433580491392
drama-CFRP,42.5910303030303,0.036707747595128244
drama-CFRP,43.47834343434343,0.041942686393586406
drama-CFRP,44.365656565656565,0.047287921102076635
drama-CFRP,45.25296969696969,0.05248842756840517
drama-CFRP,46.14028282828283,0.05823703505726249
drama-CFRP,47.027595959595956,0.06406001009240313
drama-CFRP,47.91490909090909,0.0709727335122086
drama-CFRP,48.80222222222222,0.07746297948225399
drama-CFRP,49.68953535353535,0.08465953832289083
drama-CFRP,50.57684848484848,0.09067597714233605
drama-CFRP,51.46416161616161,0.09960712812542166
drama-CFRP,52.35147474747475,0.1063691650152609
drama-CFRP,53.238787878787875,0.11388550980229414
drama-CFRP,54.12610101010101,0.1212295439180332
drama-CFRP,55.01341414141414,0.12927871844122366
drama-CFRP,55.90072727272727,0.1372186893668291
drama-CFRP,56.7880404040404,0.14402265653671198
drama-CFRP,57.67535353535353,0.15123939530119798
drama-CFRP,58.562666666666665,0.15837487346450446
drama-CFRP,59.44997979797979,0.1674631530927823
drama-CFRP,60.33729292929293,0.17584109937698317
drama-CFRP,61.22460606060606,0.18620612252920898
drama-CFRP,62.11191919191919,0.19543129366529552
drama-CFRP,62.99923232323232,0.20283638673834195
drama-CFRP,63.886545454545455,0.20886708065393367
drama-CFRP,64.77385858585858,0.2163918572229525
drama-CFRP,65.66117171717171,0.2242351976268486
drama-CFRP,66.54848484848485,0.2348724575979476
drama-CFRP,67.43579797979798,0.24585431965301305
drama-CFRP,68.3231111111111,0.25599745662436585
drama-CFRP,69.21042424242424,0.26046604754589286
drama-CFRP,70.09773737373737,0.2669964830741351
drama-CFRP,70.98505050505051,0.2773298944568048
drama-CFRP,71.87236363636363,0.287359584018342
drama-CFRP,72.75967676767677,0.29561793192501373
drama-CFRP,73.6469898989899,0.30022193613589837
drama-CFRP,74.53430303030302,0.30652566319077706
drama-CFRP,75.42161616161616,0.315006028987615
drama-CFRP,76.30892929292929,0.3233620884180209
drama-CFRP,77.19624242424243,0.3282504300362577
drama-CFRP,78.08355555555555,0.33204144995336016
drama-CFRP,78.97086868686868,0.3392803446310423
drama-CFRP,79.85818181818182,0.34538434379514965
drama-CFRP,80.74549494949494,0.3484229004113336
drama-CFRP,81.63280808080808,0.35056571159726907
drama-CFRP,82.52012121212121,0.35186161003001953
drama-CFRP,83.40743434343435,0.3506737207927519
drama-CFRP,84.29474747474747,0.3469482048128776
drama-CFRP,85.1820606060606,0.3364109432679792
drama-CFRP,86.06937373737374,0.3144460746367757
drama-CFRP,86.95668686868686,0.2709116078049472
drama-CFRP,87.844,0.13063980552937793
drama-Copper,80.72662626262625,0.25274725274723003
drama-Copper,80.79925252525253,0.9043285469745478
drama-Copper,80.87187878787879,1.1747900958934256
drama-Copper,80.94450505050504,1.2495015006220485
drama-Copper,81.01713131313132,1.305263157894752
drama-Copper,81.08975757575757,1.3308118000146547
drama-Copper,81.16238383838383,1.354625825653756
drama-Copper,81.2350101010101,1.377612529667556
drama-Copper,81.30763636363636,1.3978494623655382
drama-Copper,81.38026262626262,1.421988180951037
drama-Copper,81.45288888888888,1.4239130434782796
drama-Copper,81.52551515151515,1.4300566594922153
drama-Copper,81.59814141414141,1.4395604395605046
drama-Copper,81.67076767676767,1.4395604395603088
drama-Copper,81.74339393939394,1.4537424791248914
drama-Copper,81.8160202020202,1.4588694764367849
drama-Copper,81.88864646464646,1.460674157303393
drama-Copper,81.96127272727273,1.4617029418910126
drama-Copper,82.03389898989899,1.465909090909195
drama-Copper,82.10652525252524,1.4659090909089594
drama-Copper,82.17915151515152,1.4611626976688563
drama-Copper,82.25177777777778,1.4695343372075818
drama-Copper,82.32440404040403,1.4721965261828807
drama-Copper,82.3970303030303,1.4627098360125776
drama-Copper,82.46965656565656,1.4542777359350918
drama-Copper,82.54228282828282,1.4880952380951833
drama-Copper,82.61490909090908,1.4525493702349792
drama-Copper,82.68753535353535,1.4507621073464052
drama-Copper,82.76016161616161,1.4618165489296657
drama-Copper,82.83278787878787,1.4603280996028902
drama-Copper,82.90541414141414,1.4471615080697127
drama-Copper,82.9780404040404,1.4497014824112935
drama-Copper,83.05066666666666,1.4390243902437625
drama-Copper,83.12329292929293,1.45670858393016
drama-Copper,83.19591919191919,1.4350589810953105
drama-Copper,83.26854545454545,1.422656639021966
drama-Copper,83.34117171717172,1.4231610261165193
drama-Copper,83.41379797979798,1.4279480114786136
drama-Copper,83.48642424242423,1.416398302846724
drama-Copper,83.55905050505051,1.408277522199636
drama-Copper,83.63167676767677,1.4143446147345617
drama-Copper,83.70430303030302,1.3969700094452437
drama-Copper,83.77692929292928,1.411350402031932
drama-Copper,83.84955555555555,1.3694508551253473
drama-Copper,83.92218181818181,1.1399960262269828
drama-Copper,83.99480808080807,0.0
drama-Copper,84.06743434343434,0.0
drama-Copper,84.1400606060606,0.0
drama-Copper,84.21268686868686,0.0
drama-Copper,84.28531313131313,0.0
drama-Copper,84.35793939393939,0.0
drama-Copper,84.43056565656565,0.0
drama-Copper,84.50319191919192,0.0
drama-Copper,84.57581818181818,0.0
drama-Copper,84.64844444444444,0.0
drama-Copper,84.72107070707071,0.0
drama-Copper,84.79369696969697,0.0
drama-Copper,84.86632323232323,0.0
drama-Copper,84.9389494949495,0.0
drama-Copper,85.01157575757576,0.0
drama-Copper,85.08420202020201,0.0
drama-Copper,85.15682828282827,0.0
drama-Copper,85.22945454545454,0.0
drama-Copper,85.3020808080808,0.0
drama-Copper,85.37470707070706,0.0
drama-Copper,85.44733333333333,0.0
drama-Copper,85.51995959595959,0.0
drama-Copper,85.59258585858585,0.0
drama-Copper,85.66521212121212,0.0
drama-Copper,85.73783838383838,0.0
drama-Copper,85.81046464646464,0.0
drama-Copper,85.88309090909091,0.0
drama-Copper,85.95571717171717,0.0
drama-Copper,86.02834343434343,0.0
drama-Copper,86.10096969696968,0.0
drama-Copper,86.17359595959596,0.0
drama-Copper,86.24622222222222,0.0
drama-Copper,86.31884848484847,0.0
drama-Copper,86.39147474747475,0.0
drama-Copper,86.464101010101,0.0
drama-Copper,86.53672727272726,0.0
drama-Copper,86.60935353535353,0.0
drama-Copper,86.68197979797979,0.0
drama-Copper,86.75460606060605,0.0
drama-Copper,86.82723232323232,0.0
drama-Copper,86.89985858585858,0.0
drama-Copper,86.97248484848484,0.0
drama-Copper,87.04511111111111,0.0
drama-Copper,87.11773737373737,0.0
drama-Copper,87.19036363636363,0.0
drama-Copper,87.2629898989899,0.0
drama-Copper,87.33561616161616,0.0
drama-Copper,87.40824242424242,0.0
drama-Copper,87.48086868686867,0.0
drama-Copper,87.55349494949495,0.0
drama-Copper,87.6261212121212,0.0
drama-Copper,87.69874747474746,0.0
drama-Copper,87.77137373737374,0.0
drama-Copper,87.844,0.0
drama-TiAl6v4,0.8873131313131313,0.0
drama-TiAl6v4,1.7746262626262626,0.0
drama-TiAl6v4,2.661939393939394,0.0
drama-TiAl6v4,3.549252525252525,0.0
drama-TiAl6v4,4.436565656565657,0.0
drama-TiAl6v4,5.323878787878788,0.0
drama-TiAl6v4,6.2111919191919185,0.0
drama-TiAl6v4,7.09850505050505,0.0
drama-TiAl6v4,7.985818181818182,0.0
drama-TiAl6v4,8.873131313131314,0.0
drama-TiAl6v4,9.760444444444444,0.0
drama-TiAl6v4,10.647757575757575,0.0
drama-TiAl6v4,11.535070707070707,0.0
drama-TiAl6v4,12.422383838383837,0.0
drama-TiAl6v4,13.309696969696969,0.0
drama-TiAl6v4,14.1970101010101,0.0
drama-TiAl6v4,15.084323232323232,0.0
drama-TiAl6v4,15.971636363636364,0.0
drama-TiAl6v4,16.858949494949496,0.0
drama-TiAl6v4,17.746262626262627,0.0
drama-TiAl6v4,18.633575757575755,0.0
drama-TiAl6v4,19.520888888888887,0.0
drama-TiAl6v4,20.40820202020202,0.0
drama-TiAl6v4,21.29551515151515,0.0
drama-TiAl6v4,22.182828282828282,0.0
drama-TiAl6v4,23.070141414141414,0.0
drama-TiAl6v4,23.957454545454546,0.0
drama-TiAl6v4,24.844767676767674,0.0
drama-TiAl6v4,25.732080808080806,0.0
drama-TiAl6v4,26.619393939393937,0.0
drama-TiAl6v4,27.50670707070707,0.0
drama-TiAl6v4,28.3940202020202,0.0
drama-TiAl6v4,29.281333333333333,0.0
drama-TiAl6v4,30.168646464646464,0.0
drama-TiAl6v4,31.055959595959596,0.0
drama-TiAl6v4,31.943272727272728,0.0
drama-TiAl6v4,32.830585858585856,0.0
drama-TiAl6v4,33.71789898989899,0.0
drama-TiAl6v4,34.60521212121212,0.0
drama-TiAl6v4,35.492525252525255,0.0
drama-TiAl6v4,36.37983838383838,0.0
drama-TiAl6v4,37.26715151515151,0.0
drama-TiAl6v4,38.154464646464646,0.0
drama-TiAl6v4,39.041777777777774,0.0
drama-TiAl6v4,39.92909090909091,0.0
drama-TiAl6v4,40.81640404040404,0.0
drama-TiAl6v4,41.70371717171717,0.0
drama-TiAl6v4,42.5910303030303,0.0
drama-TiAl6v4,43.47834343434343,0.0
drama-TiAl6v4,44.365656565656565,0.0
drama-TiAl6v4,45.25296969696969,0.0
drama-TiAl6v4,46.14028282828283,0.0
drama-TiAl6v4,47.027595959595956,0.0
drama-TiAl6v4,47.91490909090909,0.0
drama-TiAl6v4,48.80222222222222,0.0
drama-TiAl6v4,49.68953535353535,0.0
drama-TiAl6v4,50.57684848484848,0.0
drama-TiAl6v4,51.46416161616161,0.0
drama-TiAl6v4,52.35147474747475,0.0
drama-TiAl6v4,53.238787878787875,0.0
drama-TiAl6v4,54.12610101010101,0.0
drama-TiAl6v4,55.01341414141414,0.0
drama-TiAl6v4,55.90072727272727,0.0
drama-TiAl6v4,56.7880404040404,0.0
drama-TiAl6v4,57.67535353535353,0.0
drama-TiAl6v4,58.562666666666665,0.0
drama-TiAl6v4,59.44997979797979,0.0
drama-TiAl6v4,60.33729292929293,0.0
drama-TiAl6v4,61.22460606060606,0.0
drama-TiAl6v4,62.11191919191919,0.0
drama-TiAl6v4,62.99923232323232,0.0
drama-TiAl6v4,63.886545454545455,0.0
drama-TiAl6v4,64.77385858585858,0.0
drama-TiAl6v4,65.66117171717171,0.0
drama-TiAl6v4,66.54848484848485,0.0
drama-TiAl6v4,67.43579797979798,0.0
drama-TiAl6v4,68.3231111111111,0.0
drama-TiAl6v4,69.21042424242424,0.0
drama-TiAl6v4,70.09773737373737,0.0
drama-TiAl6v4,70.98505050505051,0.0
drama-TiAl6v4,71.87236363636363,0.0
drama-TiAl6v4,72.75967676767677,0.0
drama-TiAl6v4,73.6469898989899,0.0
drama-TiAl6v4,74.53430303030302,0.0
drama-TiAl6v4,75.42161616161616,0.0
drama-TiAl6v4,76.30892929292929,0.0
drama-TiAl6v4,77.19624242424243,0.0
drama-TiAl6v4,78.08355555555555,0.0
drama-TiAl6v4,78.97086868686868,0.0
drama-TiAl6v4,79.85818181818182,0.0
drama-TiAl6v4,80.74549494949494,0.0
drama-TiAl6v4,81.63280808080808,0.0
drama-TiAl6v4,82.52012121212121,0.0
drama-TiAl6v4,83.40743434343435,0.0
drama-TiAl6v4,84.29474747474747,0.0
drama-TiAl6v4,85.1820606060606,0.0
drama-TiAl6v4,86.06937373737374,0.0
drama-TiAl6v4,86.95668686868686,0.0
drama-TiAl6v4,87.844,0.0
