Altitude (km),Knudsen
122.0,16.52975
121.999,16.52774
121.993,16.51843
121.98,16.4971
121.967,16.47422
121.954,16.45138
121.941,16.42856
121.928,16.40577
121.915,16.38301
121.902,16.36027
121.889,16.33752
121.876,16.31478
121.864,16.29207
121.851,16.26939
121.838,16.24674
121.825,16.22411
121.812,16.20152
121.799,16.17895
121.786,16.15635
121.773,16.13378
121.76,16.11123
121.747,16.08871
121.734,16.06623
121.721,16.04377
121.708,16.02134
121.695,15.99892
121.682,15.97648
121.669,15.95408
121.657,15.9317
121.644,15.90935
121.631,15.88703
121.618,15.86473
121.605,15.84247
121.592,15.8202
121.579,15.79793
121.566,15.77569
121.553,15.75348
121.54,15.7313
121.527,15.70914
121.514,15.68701
121.501,15.66492
121.488,15.6428
121.475,15.62069
121.462,15.59862
121.45,15.57657
121.437,15.55456
121.424,15.53257
121.411,15.51061
121.398,15.48867
121.385,15.46671
121.372,15.44477
121.359,15.42286
121.346,15.40098
121.333,15.37913
121.32,15.35731
121.307,15.33552
121.294,15.31373
121.281,15.29193
121.268,15.27016
121.255,15.24842
121.242,15.22671
121.23,15.20502
121.217,15.18337
121.204,15.16174
121.191,15.1401
121.178,15.11847
121.165,15.09687
121.152,15.07529
121.139,15.05375
121.126,15.03223
121.113,15.01074
121.1,14.98928
121.087,14.96779
121.074,14.94633
121.061,14.92489
121.048,14.90348
121.035,14.8821
121.022,14.86075
121.01,14.83942
120.997,14.81812
120.984,14.79679
120.971,14.77549
120.958,14.75422
120.945,14.73298
120.932,14.71176
120.919,14.69058
120.906,14.66942
120.893,14.64826
120.88,14.6271
120.867,14.60597
120.854,14.58486
120.841,14.56379
120.828,14.54274
120.815,14.52172
120.803,14.50072
120.79,14.47972
120.777,14.45872
120.764,14.43775
120.751,14.41681
120.738,14.3959
120.725,14.37502
120.712,14.35416
120.699,14.33334
120.686,14.31248
120.673,14.29165
120.66,14.27085
120.647,14.25007
120.634,14.22932
120.621,14.20861
120.609,14.18791
120.596,14.16724
120.583,14.14654
120.57,14.12588
120.557,14.10524
120.544,14.08463
120.531,14.06405
120.518,14.04349
120.505,14.02297
120.492,14.00244
120.479,13.98191
120.466,13.96141
120.453,13.94093
120.44,13.92048
120.427,13.90007
120.415,13.87968
120.402,13.85931
120.389,13.83893
120.376,13.81857
120.363,13.79823
120.35,13.77792
120.337,13.75763
120.324,13.73738
120.311,13.71715
120.298,13.69695
120.285,13.67672
120.272,13.65652
120.259,13.63634
120.246,13.61619
120.233,13.59607
120.221,13.57598
120.208,13.55592
120.195,13.53586
120.182,13.51579
120.169,13.49575
120.156,13.47574
120.143,13.45576
120.13,13.4358
120.117,13.41587
120.104,13.39596
120.091,13.37606
120.078,13.35615
120.065,13.33627
120.052,13.31642
120.04,13.2966
120.027,13.2768
120.014,13.25703
120.001,13.23729
119.988,13.21753
119.975,13.19778
119.962,13.17806
119.949,13.15837
119.936,13.13871
119.923,13.11907
119.91,13.09947
119.897,13.07988
119.884,13.06027
119.871,13.04068
119.859,13.02113
119.846,13.00159
119.833,12.98209
119.82,12.96262
119.807,12.94317
119.794,12.92372
119.781,12.90427
119.768,12.88485
119.755,12.86545
119.742,12.84608
119.729,12.82673
119.716,12.80742
119.703,12.78813
119.691,12.76883
119.678,12.74954
119.665,12.73027
119.652,12.71103
119.639,12.69182
119.626,12.67263
119.613,12.65347
119.6,12.63434
119.587,12.61518
119.574,12.59605
119.561,12.57694
119.548,12.55786
119.535,12.5388
119.523,12.51977
119.51,12.50077
119.497,12.48179
119.484,12.46278
119.471,12.44381
119.458,12.42485
119.445,12.40593
119.432,12.38703
119.419,12.36816
119.406,12.34931
119.393,12.33047
119.38,12.31162
119.367,12.2928
119.354,12.274
119.342,12.25523
119.329,12.23649
119.316,12.21777
119.303,12.19908
119.29,12.18038
119.277,12.16169
119.264,12.14302
119.251,12.12438
119.238,12.10576
119.225,12.08717
119.212,12.06861
119.199,12.05008
119.186,12.03151
119.174,12.01297
119.161,11.99446
119.148,11.97597
119.135,11.95751
119.122,11.93908
119.109,11.92067
119.096,11.90227
119.083,11.88386
119.07,11.86547
119.057,11.84711
119.044,11.82878
119.031,11.81047
119.018,11.79219
119.006,11.77393
118.993,11.75567
118.98,11.73741
118.967,11.71918
118.954,11.70097
118.941,11.68278
118.928,11.66463
118.915,11.6465
118.902,11.62839
118.889,11.61027
118.876,11.59216
118.863,11.57408
118.85,11.55602
118.837,11.53798
118.824,11.51998
118.812,11.50199
118.799,11.48404
118.786,11.46605
118.773,11.44809
118.76,11.43016
118.747,11.41225
118.734,11.39437
118.721,11.37651
118.708,11.35868
118.695,11.34085
118.682,11.32302
118.669,11.30521
118.656,11.28742
118.643,11.26966
118.63,11.25193
118.618,11.23422
118.605,11.21653
118.592,11.19884
118.579,11.18115
118.566,11.16349
118.553,11.14585
118.54,11.12824
118.527,11.11065
118.514,11.09309
118.501,11.07555
118.488,11.05799
118.475,11.04045
118.462,11.02293
118.449,11.00544
118.436,10.98797
118.423,10.97053
118.41,10.95311
118.398,10.93571
118.385,10.91829
118.372,10.90089
118.359,10.88352
118.346,10.86617
118.333,10.84885
118.32,10.83155
118.307,10.81428
118.294,10.79701
118.281,10.77973
118.268,10.76248
118.255,10.74525
118.242,10.72805
118.229,10.71087
118.216,10.69371
118.203,10.67658
118.19,10.65944
118.177,10.64231
118.164,10.6252
118.151,10.60811
118.138,10.59105
118.125,10.57401
118.113,10.557
118.1,10.54001
118.087,10.523
118.074,10.50601
118.061,10.48904
118.048,10.47209
118.035,10.45517
118.022,10.43828
118.009,10.4214
117.996,10.40454
117.983,10.38767
117.97,10.37082
117.957,10.35399
117.944,10.33718
117.931,10.3204
117.918,10.30364
117.905,10.28691
117.892,10.27018
117.879,10.25344
117.866,10.23673
117.853,10.22004
117.84,10.20337
117.827,10.18673
117.814,10.17011
117.801,10.15352
117.788,10.1369
117.775,10.1203
117.762,10.10373
117.749,10.08718
117.736,10.07065
117.723,10.05414
117.71,10.03766
117.697,10.0212
117.684,10.00471
117.671,9.98825
117.658,9.97181
117.645,9.9554
117.632,9.93901
117.619,9.92264
117.606,9.90629
117.593,9.88995
117.58,9.8736
117.567,9.85727
117.554,9.84097
117.541,9.82469
117.528,9.80843
117.515,9.7922
117.502,9.77599
117.489,9.75976
117.476,9.74355
117.463,9.72735
117.45,9.71118
117.437,9.69504
117.424,9.67891
117.411,9.66281
117.398,9.64673
117.385,9.63063
117.372,9.61455
117.359,9.59849
117.346,9.58245
117.333,9.56644
117.32,9.55044
117.307,9.53447
117.294,9.51851
117.281,9.50254
117.268,9.48659
117.255,9.47066
117.242,9.45475
117.229,9.43887
117.215,9.42301
117.202,9.40717
117.189,9.39132
117.176,9.37548
117.163,9.35966
117.15,9.34386
117.137,9.32809
117.124,9.31233
117.111,9.2966
117.098,9.28089
117.085,9.26516
117.072,9.24945
117.059,9.23376
117.046,9.21809
117.033,9.20244
117.019,9.18682
117.006,9.17121
116.993,9.15561
116.98,9.14001
116.967,9.12442
116.954,9.10886
116.941,9.09332
116.928,9.0778
116.915,9.0623
116.902,9.04683
116.889,9.03134
116.875,9.01586
116.862,9.0004
116.849,8.98497
116.836,8.96955
116.823,8.95416
116.81,8.93879
116.797,8.92343
116.784,8.90806
116.771,8.8927
116.757,8.87737
116.744,8.86206
116.731,8.84677
116.718,8.8315
116.705,8.81626
116.692,8.80101
116.679,8.78576
116.666,8.77053
116.652,8.75532
116.639,8.74013
116.626,8.72497
116.613,8.70983
116.6,8.6947
116.587,8.67956
116.574,8.66443
116.56,8.64933
116.547,8.63424
116.534,8.61918
116.521,8.60414
116.508,8.58912
116.495,8.5741
116.481,8.55908
116.468,8.54407
116.455,8.52909
116.442,8.51412
116.429,8.49918
116.415,8.48426
116.402,8.46936
116.389,8.45445
116.376,8.43954
116.363,8.42466
116.349,8.4098
116.336,8.39495
116.323,8.38013
116.31,8.36533
116.297,8.35055
116.283,8.33574
116.27,8.32096
116.257,8.30619
116.244,8.29145
116.231,8.27673
116.217,8.26202
116.204,8.24734
116.191,8.23266
116.178,8.21797
116.164,8.2033
116.151,8.18866
116.138,8.17403
116.125,8.15943
116.111,8.14485
116.098,8.13028
116.085,8.11569
116.072,8.10112
116.058,8.08657
116.045,8.07205
116.032,8.05754
116.018,8.04305
116.005,8.02858
115.992,8.01412
115.979,7.99964
115.965,7.98519
115.952,7.97076
115.939,7.95635
115.925,7.94196
115.912,7.92759
115.899,7.91323
115.885,7.89886
115.872,7.8845
115.859,7.87017
115.845,7.85585
115.832,7.84155
115.819,7.82728
115.805,7.81302
115.792,7.79876
115.779,7.7845
115.765,7.77026
115.752,7.75604
115.739,7.74184
115.725,7.72765
115.712,7.71349
115.699,7.69935
115.685,7.68518
115.672,7.67103
115.658,7.65691
115.645,7.6428
115.632,7.62871
115.618,7.61464
115.605,7.60059
115.592,7.58654
115.578,7.57248
115.565,7.55845
115.551,7.54443
115.538,7.53043
115.524,7.51646
115.511,7.5025
115.498,7.48856
115.484,7.4746
115.471,7.46065
115.457,7.44673
115.444,7.43283
115.43,7.41894
115.417,7.40508
115.403,7.39123
115.39,7.37738
115.377,7.36352
115.363,7.34969
115.35,7.33588
115.336,7.32208
115.323,7.30831
115.309,7.29455
115.296,7.28081
115.282,7.26705
115.269,7.25331
115.255,7.23958
115.242,7.22588
115.228,7.21219
115.215,7.19853
115.201,7.18488
115.187,7.17122
115.174,7.15757
115.16,7.14394
115.147,7.13032
115.133,7.11673
115.12,7.10315
115.106,7.08959
115.093,7.07604
115.079,7.06247
115.065,7.04893
115.052,7.0354
115.038,7.0219
115.025,7.00841
115.011,6.99494
114.997,6.98149
114.984,6.96802
114.97,6.95456
114.957,6.94112
114.943,6.92771
114.929,6.91431
114.916,6.90093
114.902,6.88756
114.888,6.87419
114.875,6.86082
114.861,6.84747
114.847,6.83414
114.834,6.82083
114.82,6.80754
114.806,6.79426
114.793,6.78099
114.779,6.76771
114.765,6.75445
114.752,6.7412
114.738,6.72798
114.724,6.71477
114.711,6.70158
114.697,6.68841
114.683,6.67521
114.669,6.66204
114.656,6.64888
114.642,6.63574
114.628,6.62262
114.614,6.60952
114.601,6.59644
114.587,6.58334
114.573,6.57025
114.559,6.55718
114.545,6.54412
114.532,6.53109
114.518,6.51807
114.504,6.50507
114.49,6.49207
114.476,6.47906
114.463,6.46608
114.449,6.45311
114.435,6.44016
114.421,6.42723
114.407,6.41432
114.393,6.40141
114.379,6.38849
114.366,6.37559
114.352,6.3627
114.338,6.34984
114.324,6.33699
114.31,6.32416
114.296,6.31134
114.282,6.29851
114.268,6.28569
114.254,6.27289
114.24,6.26011
114.227,6.24735
114.213,6.2346
114.199,6.22188
114.185,6.20913
114.171,6.19639
114.157,6.18368
114.143,6.17098
114.129,6.1583
114.115,6.14564
114.101,6.133
114.087,6.12034
114.073,6.10769
114.059,6.09506
114.045,6.08244
114.031,6.06985
114.017,6.05727
114.003,6.04471
113.989,6.03213
113.975,6.01957
113.96,6.00702
113.946,5.99449
113.932,5.98197
113.918,5.96948
113.904,5.957
113.89,5.94452
113.876,5.93203
113.862,5.91956
113.848,5.90712
113.834,5.89468
113.819,5.88227
113.805,5.86987
113.791,5.85748
113.777,5.84507
113.763,5.83269
113.749,5.82032
113.734,5.80797
113.72,5.79564
113.706,5.78333
113.692,5.77101
113.678,5.75869
113.663,5.74639
113.649,5.7341
113.635,5.72184
113.621,5.70959
113.606,5.69735
113.592,5.68512
113.578,5.67288
113.564,5.66066
113.549,5.64846
113.535,5.63627
113.521,5.6241
113.506,5.61195
113.492,5.5998
113.478,5.58764
113.463,5.5755
113.449,5.56338
113.435,5.55127
113.42,5.53919
113.406,5.52712
113.392,5.51504
113.377,5.50297
113.363,5.49091
113.348,5.47887
113.334,5.46684
113.319,5.45484
113.305,5.44285
113.291,5.43085
113.276,5.41886
113.262,5.40688
113.247,5.39492
113.233,5.38297
113.218,5.37105
113.204,5.35914
113.189,5.34722
113.175,5.33531
113.16,5.32341
113.146,5.31153
113.131,5.29967
113.117,5.28782
113.102,5.27599
113.088,5.26415
113.073,5.25232
113.058,5.2405
113.044,5.2287
113.029,5.21692
113.015,5.20515
113.0,5.1934
112.985,5.18163
112.971,5.16988
112.956,5.15814
112.941,5.14642
112.927,5.13472
112.912,5.12303
112.897,5.11136
112.883,5.09967
112.868,5.088
112.853,5.07634
112.838,5.0647
112.824,5.05308
112.809,5.04147
112.794,5.02987
112.779,5.01826
112.765,5.00667
112.75,4.99509
112.735,4.98353
112.72,4.97199
112.705,4.96046
112.691,4.94894
112.676,4.93741
112.661,4.92589
112.646,4.9144
112.631,4.90292
112.616,4.89145
112.601,4.88001
112.587,4.86855
112.572,4.8571
112.557,4.84566
112.542,4.83425
112.527,4.82285
112.512,4.81146
112.497,4.80009
112.482,4.78871
112.467,4.77734
112.452,4.76598
112.437,4.75465
112.422,4.74333
112.407,4.73202
112.392,4.72072
112.377,4.70941
112.362,4.69812
112.347,4.68685
112.332,4.67559
112.317,4.66435
112.302,4.65313
112.286,4.64189
112.271,4.63067
112.256,4.61946
112.241,4.60826
112.226,4.59709
112.211,4.58593
112.196,4.57478
112.18,4.56361
112.165,4.55247
112.15,4.54134
112.135,4.53022
112.119,4.51913
112.104,4.50805
112.089,4.49696
112.074,4.48588
112.058,4.47481
112.043,4.46376
112.028,4.45273
112.012,4.44171
111.997,4.43071
111.982,4.41969
111.966,4.40869
111.951,4.3977
111.936,4.38673
111.92,4.37578
111.905,4.36484
111.89,4.3539
111.874,4.34297
111.859,4.33204
111.843,4.32114
111.828,4.31025
111.812,4.29938
111.797,4.28852
111.781,4.27764
111.766,4.26679
111.75,4.25594
111.735,4.24512
111.719,4.23431
111.704,4.22352
111.688,4.21272
111.672,4.20193
111.657,4.19115
111.641,4.18039
111.626,4.16965
111.61,4.15892
111.594,4.1482
111.579,4.13747
111.563,4.12676
111.547,4.11607
111.532,4.10539
111.516,4.09472
111.5,4.08408
111.484,4.07342
111.469,4.06277
111.453,4.05214
111.437,4.04153
111.421,4.03093
111.406,4.02035
111.39,4.00977
111.374,3.99918
111.358,3.98862
111.342,3.97807
111.326,3.96754
111.31,3.95702
111.295,3.94651
111.279,3.936
111.263,3.9255
111.247,3.91501
111.231,3.90455
111.215,3.8941
111.199,3.88366
111.183,3.87321
111.167,3.86278
111.151,3.85236
111.135,3.84196
111.119,3.83157
111.103,3.82121
111.087,3.81083
111.071,3.80046
111.054,3.79011
111.038,3.77978
111.022,3.76946
111.006,3.75916
110.99,3.74885
110.974,3.73855
110.957,3.72827
110.941,3.718
110.925,3.70775
110.909,3.69751
110.893,3.68728
110.876,3.67705
110.86,3.66683
110.844,3.65663
110.827,3.64644
110.811,3.63627
110.795,3.62612
110.778,3.61595
110.762,3.6058
110.746,3.59566
110.729,3.58555
110.713,3.57544
110.696,3.56536
110.68,3.55526
110.663,3.54517
110.647,3.53511
110.63,3.52506
110.614,3.51502
110.597,3.50501
110.581,3.49497
110.564,3.48496
110.548,3.47496
110.531,3.46498
110.514,3.45501
110.498,3.44507
110.481,3.4351
110.465,3.42516
110.448,3.41523
110.431,3.40531
110.415,3.39542
110.398,3.38554
110.381,3.37564
110.364,3.36576
110.348,3.3559
110.331,3.34606
110.314,3.33623
110.297,3.32642
110.28,3.31659
110.263,3.30679
110.247,3.29699
110.23,3.28722
110.213,3.27746
110.196,3.26772
110.179,3.25796
110.162,3.24822
110.145,3.2385
110.128,3.2288
110.111,3.21911
110.094,3.20943
110.077,3.19975
110.06,3.19008
110.043,3.18043
110.026,3.1708
110.009,3.16118
109.992,3.15157
109.974,3.14195
109.957,3.13236
109.94,3.12278
109.923,3.11321
109.906,3.10367
109.889,3.09413
109.871,3.08459
109.854,3.07507
109.837,3.06557
109.819,3.05609
109.802,3.04662
109.785,3.03721
109.767,3.02784
109.75,3.01849
109.733,3.00915
109.715,2.99983
109.698,2.99053
109.68,2.98132
109.663,2.97213
109.646,2.96296
109.628,2.9538
109.611,2.94467
109.593,2.93556
109.575,2.92653
109.558,2.91751
109.54,2.90851
109.523,2.89953
109.505,2.89056
109.487,2.88165
109.47,2.87278
109.452,2.86392
109.434,2.85508
109.417,2.84626
109.399,2.83746
109.381,2.82872
109.363,2.82
109.346,2.8113
109.328,2.80262
109.31,2.79395
109.292,2.78531
109.274,2.77672
109.256,2.76815
109.238,2.7596
109.22,2.75106
109.202,2.74253
109.184,2.73406
109.166,2.72561
109.148,2.71718
109.13,2.70876
109.112,2.70036
109.094,2.69198
109.076,2.68365
109.058,2.67533
109.04,2.66703
109.022,2.65874
109.004,2.65047
108.985,2.64224
108.967,2.63404
108.949,2.62585
108.931,2.61767
108.912,2.60951
108.894,2.60137
108.876,2.59327
108.857,2.58519
108.839,2.57711
108.821,2.56906
108.802,2.56102
108.784,2.55301
108.765,2.54503
108.747,2.53706
108.728,2.5291
108.71,2.52116
108.691,2.51325
108.673,2.50536
108.654,2.49748
108.636,2.48962
108.617,2.48178
108.598,2.47395
108.58,2.46615
108.561,2.45837
108.542,2.45061
108.524,2.44285
108.505,2.43512
108.486,2.4274
108.467,2.41971
108.448,2.41203
108.43,2.40437
108.411,2.39672
108.392,2.38909
108.373,2.38148
108.354,2.37389
108.335,2.36631
108.316,2.35875
108.297,2.3512
108.278,2.34368
108.259,2.33617
108.24,2.32867
108.221,2.32119
108.202,2.31373
108.183,2.30628
108.163,2.29885
108.144,2.29144
108.125,2.28404
108.106,2.27665
108.087,2.26928
108.067,2.26193
108.048,2.2546
108.029,2.24727
108.009,2.23997
107.99,2.23267
107.97,2.2254
107.951,2.21814
107.932,2.21089
107.912,2.20366
107.893,2.19645
107.873,2.18925
107.854,2.18206
107.834,2.17489
107.814,2.16773
107.795,2.16059
107.775,2.15346
107.755,2.14635
107.736,2.13925
107.716,2.13217
107.696,2.1251
107.676,2.11804
107.657,2.111
107.637,2.10397
107.617,2.09696
107.597,2.08996
107.577,2.08298
107.557,2.07601
107.537,2.06905
107.517,2.06211
107.497,2.05518
107.477,2.04827
107.457,2.04136
107.437,2.03448
107.417,2.0276
107.397,2.02075
107.377,2.0139
107.357,2.00707
107.336,2.00025
107.316,1.99345
107.296,1.98666
107.276,1.97988
107.255,1.97311
107.235,1.96636
107.215,1.95963
107.194,1.9529
107.174,1.94619
107.153,1.9395
107.133,1.93282
107.112,1.92615
107.092,1.91949
107.071,1.91285
107.051,1.90622
107.03,1.8996
107.009,1.893
106.989,1.88641
106.968,1.87983
106.947,1.87327
106.926,1.86672
106.906,1.86018
106.885,1.85366
106.864,1.84715
106.843,1.84065
106.822,1.83417
106.801,1.8277
106.78,1.82124
106.759,1.8148
106.738,1.80837
106.717,1.80195
106.696,1.79554
106.675,1.78915
106.654,1.78277
106.633,1.77641
106.612,1.77005
106.59,1.76371
106.569,1.75739
106.548,1.75107
106.527,1.74477
106.505,1.73849
106.484,1.73221
106.462,1.72595
106.441,1.7197
106.42,1.71346
106.398,1.70724
106.377,1.70103
106.355,1.69484
106.333,1.68865
106.312,1.68248
106.29,1.67632
106.269,1.67018
106.247,1.66405
106.225,1.65793
106.203,1.65182
106.181,1.64573
106.16,1.63965
106.138,1.63358
106.116,1.62753
106.094,1.62149
106.072,1.61546
106.05,1.60944
106.028,1.60344
106.006,1.59745
105.984,1.59148
105.962,1.58551
105.94,1.57956
105.917,1.57363
105.895,1.5677
105.873,1.56179
105.851,1.55589
105.828,1.55001
105.806,1.54413
105.784,1.53827
105.761,1.53243
105.739,1.52659
105.716,1.52077
105.694,1.51496
105.671,1.50917
105.649,1.50339
105.626,1.49762
105.603,1.49186
105.581,1.48612
105.558,1.48039
105.535,1.47467
105.512,1.46896
105.49,1.46327
105.467,1.45759
105.444,1.45193
105.421,1.44628
105.398,1.44064
105.375,1.43501
105.352,1.42939
105.329,1.42379
105.306,1.41821
105.283,1.41263
105.26,1.40707
105.236,1.40152
105.213,1.39598
105.19,1.39046
105.167,1.38495
105.143,1.37945
105.12,1.37396
105.096,1.36849
105.073,1.36303
105.049,1.35759
105.026,1.35215
105.002,1.34673
104.979,1.34132
104.955,1.33593
104.931,1.33055
104.908,1.32518
104.884,1.31982
104.86,1.31448
104.836,1.30915
104.812,1.30383
104.789,1.29853
104.765,1.29323
104.741,1.28795
104.717,1.28269
104.693,1.27743
104.668,1.27219
104.644,1.26697
104.62,1.26175
104.596,1.25655
104.572,1.25136
104.547,1.24618
104.523,1.24102
104.499,1.23587
104.474,1.23073
104.45,1.2256
104.425,1.22049
104.401,1.21539
104.376,1.2103
104.352,1.20523
104.327,1.20017
104.302,1.19512
104.278,1.19008
104.253,1.18506
104.228,1.18005
104.203,1.17505
104.178,1.17006
104.153,1.16509
104.128,1.16013
104.103,1.15518
104.078,1.15025
104.053,1.14532
104.028,1.14041
104.003,1.13552
103.978,1.13063
103.952,1.12576
103.927,1.1209
103.902,1.11605
103.876,1.11122
103.851,1.10639
103.825,1.10158
103.8,1.09679
103.774,1.092
103.749,1.08723
103.723,1.08247
103.697,1.07772
103.672,1.07299
103.646,1.06826
103.62,1.06355
103.594,1.05886
103.568,1.05417
103.542,1.0495
103.516,1.04484
103.49,1.04019
103.464,1.03555
103.438,1.03093
103.412,1.02631
103.385,1.02172
103.359,1.01713
103.333,1.01255
103.306,1.00799
103.28,1.00344
103.254,0.9989
103.227,0.99437
103.201,0.98986
103.174,0.98536
103.147,0.98087
103.121,0.97639
103.094,0.97192
103.067,0.96747
103.04,0.96303
103.013,0.9586
102.986,0.95418
102.959,0.94977
102.932,0.94538
102.905,0.941
102.878,0.93663
102.851,0.93227
102.824,0.92792
102.796,0.92359
102.769,0.91926
102.742,0.91495
102.714,0.91065
102.687,0.90637
102.659,0.90209
102.632,0.89783
102.604,0.89357
102.576,0.88933
102.549,0.8851
102.521,0.88089
102.493,0.87668
102.465,0.87249
102.437,0.86831
102.409,0.86414
102.381,0.85998
102.353,0.85583
102.325,0.85169
102.297,0.84757
102.268,0.84345
102.24,0.83935
102.212,0.83526
102.183,0.83118
102.155,0.82712
102.126,0.82306
102.098,0.81902
102.069,0.81498
102.04,0.81096
102.012,0.80695
101.983,0.80295
101.954,0.79896
101.925,0.79499
101.896,0.79102
101.867,0.78707
101.838,0.78312
101.809,0.77919
101.78,0.77527
101.751,0.77136
101.721,0.76746
101.692,0.76358
101.663,0.7597
101.633,0.75584
101.604,0.75198
101.574,0.74814
101.544,0.74431
101.515,0.74049
101.485,0.73668
101.455,0.73288
101.425,0.72909
101.395,0.72531
101.365,0.72155
101.335,0.71779
101.305,0.71405
101.275,0.71032
101.245,0.70659
101.215,0.70288
101.184,0.69918
101.154,0.69549
101.123,0.69181
101.093,0.68815
101.062,0.68449
101.031,0.68084
101.001,0.67721
100.97,0.67358
100.939,0.66997
100.908,0.66637
100.877,0.66277
100.846,0.65919
100.815,0.65562
100.784,0.65206
100.753,0.64851
100.721,0.64497
100.69,0.64145
100.659,0.63793
100.627,0.63442
100.596,0.63093
100.564,0.62744
100.532,0.62397
100.501,0.6205
100.469,0.61705
100.437,0.61361
100.405,0.61017
100.373,0.60675
100.341,0.60334
100.309,0.59994
100.277,0.59655
100.244,0.59317
100.212,0.5898
100.18,0.58645
100.147,0.5831
100.114,0.57976
100.082,0.57644
100.049,0.57312
100.016,0.56982
99.984,0.56652
99.951,0.56324
99.918,0.55997
99.885,0.55671
99.851,0.55345
99.818,0.55021
99.785,0.54698
99.752,0.54376
99.718,0.54055
99.685,0.53736
99.651,0.53417
99.618,0.53099
99.584,0.52782
99.55,0.52467
99.516,0.52152
99.482,0.51839
99.448,0.51526
99.414,0.51215
99.38,0.50905
99.346,0.50595
99.312,0.50287
99.277,0.4998
99.243,0.49674
99.208,0.49369
99.174,0.49065
99.139,0.48763
99.104,0.48461
99.069,0.4816
99.034,0.47861
98.999,0.47562
98.964,0.47265
98.929,0.46969
98.894,0.46673
98.858,0.46379
98.823,0.46086
98.788,0.45794
98.752,0.45503
98.716,0.45213
98.681,0.44924
98.645,0.44637
98.609,0.4435
98.573,0.44065
98.537,0.4378
98.501,0.43497
98.464,0.43215
98.428,0.42934
98.392,0.42654
98.355,0.42375
98.319,0.42097
98.282,0.4182
98.245,0.41545
98.208,0.4127
98.171,0.40997
98.134,0.40724
98.097,0.40453
98.06,0.40183
98.023,0.39914
97.985,0.39646
97.948,0.39379
97.91,0.39114
97.873,0.38849
97.835,0.38586
97.797,0.38323
97.759,0.38062
97.721,0.37802
97.683,0.37543
97.645,0.37285
97.606,0.37029
97.568,0.36773
97.53,0.36518
97.491,0.36265
97.452,0.36013
97.414,0.35762
97.375,0.35512
97.336,0.35263
97.297,0.35015
97.257,0.34769
97.218,0.34523
97.179,0.34279
97.139,0.34036
97.1,0.33794
97.06,0.33553
97.02,0.33313
96.981,0.33074
96.941,0.32837
96.901,0.326
96.86,0.32365
96.82,0.32131
96.78,0.31898
96.739,0.31666
96.699,0.31435
96.658,0.31205
96.617,0.30977
96.576,0.30749
96.535,0.30523
96.494,0.30298
96.453,0.30074
96.412,0.29851
96.37,0.29629
96.329,0.29409
96.287,0.29189
96.245,0.28971
96.203,0.28753
96.161,0.28537
96.119,0.28322
96.077,0.28108
96.035,0.27895
95.992,0.27683
95.95,0.27472
95.907,0.27263
95.864,0.27054
95.822,0.26847
95.779,0.2664
95.735,0.26435
95.692,0.2623
95.649,0.26027
95.605,0.25825
95.562,0.25624
95.518,0.25424
95.474,0.25225
95.43,0.25027
95.386,0.2483
95.342,0.24634
95.298,0.24439
95.253,0.24245
95.209,0.24052
95.164,0.2386
95.119,0.23669
95.074,0.23479
95.029,0.2329
94.984,0.23102
94.939,0.22914
94.893,0.22728
94.848,0.22543
94.802,0.22359
94.756,0.22176
94.71,0.21993
94.664,0.21812
94.618,0.21632
94.572,0.21453
94.525,0.21275
94.479,0.21098
94.432,0.20922
94.385,0.20747
94.338,0.20572
94.291,0.20399
94.244,0.20227
94.196,0.20056
94.149,0.19886
94.101,0.19717
94.053,0.19549
94.005,0.19381
93.957,0.19215
93.909,0.1905
93.86,0.18885
93.812,0.18722
93.763,0.1856
93.714,0.18398
93.665,0.18238
93.616,0.18078
93.567,0.1792
93.518,0.17762
93.468,0.17605
93.418,0.1745
93.369,0.17295
93.319,0.17141
93.268,0.16988
93.218,0.16836
93.168,0.16685
93.117,0.16535
93.066,0.16386
93.015,0.16237
92.964,0.1609
92.913,0.15944
92.862,0.15798
92.81,0.15654
92.758,0.1551
92.706,0.15367
92.654,0.15225
92.602,0.15085
92.55,0.14945
92.497,0.14805
92.445,0.14667
92.392,0.1453
92.339,0.14393
92.285,0.14258
92.232,0.14123
92.179,0.13989
92.125,0.13857
92.071,0.13724
92.017,0.13593
91.963,0.13463
91.908,0.13334
91.854,0.13205
91.799,0.13077
91.744,0.12951
91.689,0.12825
91.634,0.127
91.578,0.12575
91.523,0.12452
91.467,0.12329
91.411,0.12207
91.355,0.12086
91.298,0.11966
91.242,0.11847
91.185,0.11729
91.128,0.11611
91.071,0.11494
91.014,0.11378
90.956,0.11263
90.899,0.11149
90.841,0.11035
90.783,0.10922
90.725,0.1081
90.666,0.10699
90.607,0.10588
90.549,0.10479
90.49,0.1037
90.43,0.10262
90.371,0.10154
90.311,0.10048
90.251,0.09942
90.191,0.09837
90.131,0.09732
90.071,0.09629
90.01,0.09526
89.949,0.09424
89.888,0.09323
89.827,0.09222
89.765,0.09122
89.704,0.09023
89.642,0.08925
89.579,0.08827
89.517,0.0873
89.454,0.08634
89.392,0.08538
89.329,0.08443
89.265,0.08349
89.202,0.08256
89.138,0.08163
89.074,0.08071
89.01,0.0798
88.946,0.0789
88.881,0.078
88.816,0.07711
88.751,0.07622
88.686,0.07534
88.62,0.07447
88.554,0.07361
88.488,0.07275
88.422,0.0719
88.356,0.07106
88.289,0.07022
88.222,0.06939
88.155,0.06857
88.087,0.06775
88.019,0.06694
87.951,0.06614
87.883,0.06534
87.815,0.06456
87.746,0.06377
87.677,0.063
87.608,0.06223
87.538,0.06146
87.468,0.06071
87.398,0.05996
87.328,0.05921
87.257,0.05848
87.186,0.05775
87.115,0.05702
87.044,0.0563
86.972,0.05559
86.9,0.05489
86.828,0.05419
86.756,0.05349
86.683,0.05281
86.61,0.05213
86.536,0.05145
86.463,0.05078
86.389,0.05012
86.315,0.04946
86.24,0.04881
86.165,0.04817
86.09,0.04753
86.015,0.04689
85.939,0.0463
85.863,0.04571
85.787,0.04513
85.711,0.04456
85.634,0.04399
85.556,0.04343
85.479,0.04287
85.401,0.04232
85.323,0.04178
85.245,0.04124
85.166,0.0407
85.087,0.04017
85.007,0.03965
84.928,0.03913
84.847,0.03861
84.767,0.0381
84.686,0.0376
84.605,0.0371
84.524,0.0366
84.442,0.03611
84.36,0.03563
84.278,0.03515
84.195,0.03467
84.112,0.0342
84.028,0.03374
83.945,0.03328
83.86,0.03282
83.776,0.03237
83.691,0.03192
83.606,0.03148
83.52,0.03104
83.434,0.03061
83.348,0.03018
83.261,0.02976
83.174,0.02934
83.086,0.02893
82.998,0.02852
82.91,0.02811
82.822,0.02771
82.733,0.02731
82.643,0.02692
82.553,0.02653
82.463,0.02615
82.372,0.02577
82.281,0.02539
82.19,0.02502
82.098,0.02465
82.006,0.02429
81.913,0.02393
81.82,0.02357
81.726,0.02322
81.632,0.02288
81.538,0.02253
81.443,0.02219
81.348,0.02186
81.252,0.02153
81.156,0.0212
81.059,0.02087
80.962,0.02055
80.865,0.02024
80.767,0.01992
80.668,0.01961
80.57,0.01931
80.47,0.01901
80.37,0.01871
80.27,0.01841
80.169,0.01812
80.068,0.01783
79.966,0.01755
79.864,0.01727
79.761,0.01699
79.658,0.01672
79.554,0.01645
79.449,0.01618
79.345,0.01592
79.239,0.01566
79.133,0.0154
79.027,0.01514
78.92,0.01489
78.812,0.01464
78.704,0.0144
78.596,0.01416
78.487,0.01392
78.377,0.01368
78.267,0.01345
78.156,0.01322
78.044,0.013
77.932,0.01277
77.82,0.01255
77.706,0.01233
77.593,0.01212
77.478,0.01191
77.363,0.0117
77.247,0.01149
77.131,0.01129
77.014,0.01109
76.897,0.01089
76.779,0.01069
76.66,0.0105
76.54,0.01031
76.42,0.01012
76.299,0.00994
76.178,0.00976
76.056,0.00958
75.933,0.0094
75.809,0.00922
75.685,0.00905
75.56,0.00888
75.434,0.00871
75.308,0.00855
75.181,0.00839
75.053,0.00823
74.924,0.00807
74.795,0.00791
74.665,0.00776
74.534,0.00761
74.402,0.00746
74.27,0.00731
74.136,0.00717
74.002,0.00703
73.867,0.00689
73.731,0.00675
73.595,0.00661
73.457,0.00648
73.319,0.00635
73.18,0.00622
73.04,0.00609
72.899,0.00596
72.757,0.00584
72.614,0.00572
72.471,0.0056
72.326,0.00548
72.181,0.00537
72.034,0.00525
71.887,0.00514
71.738,0.00503
71.589,0.00492
71.439,0.00482
71.287,0.00472
71.135,0.00462
70.981,0.00452
70.827,0.00442
70.671,0.00432
70.515,0.00423
70.357,0.00414
70.198,0.00405
70.039,0.00396
69.877,0.00387
69.715,0.00378
69.552,0.0037
69.388,0.00361
69.222,0.00353
69.055,0.00345
68.887,0.00337
68.718,0.00329
68.547,0.00322
68.376,0.00314
68.203,0.00307
68.028,0.003
67.853,0.00293
67.676,0.00286
67.497,0.00279
67.318,0.00272
67.137,0.00266
66.954,0.00259
66.771,0.00253
66.586,0.00247
66.399,0.00241
66.211,0.00235
66.021,0.00229
65.83,0.00223
65.638,0.00217
65.444,0.00212
65.248,0.00206
65.051,0.00201
64.852,0.00196
64.652,0.00191
64.45,0.00186
64.246,0.00181
64.041,0.00176
63.834,0.00172
63.625,0.00167
63.415,0.00162
63.203,0.00158
62.989,0.00154
62.774,0.0015
62.556,0.00145
62.337,0.00141
62.116,0.00138
61.893,0.00134
61.668,0.0013
61.442,0.00126
61.213,0.00123
60.983,0.00119
60.75,0.00116
60.516,0.00112
60.28,0.00109
60.041,0.00106
59.801,0.00103
59.558,0.001
59.314,0.00097
59.067,0.00094
58.819,0.00091
58.568,0.00088
58.315,0.00086
58.06,0.00083
57.803,0.0008
57.544,0.00078
57.283,0.00075
57.019,0.00073
56.753,0.00071
56.485,0.00069
56.215,0.00066
55.943,0.00064
55.668,0.00062
55.391,0.0006
55.112,0.00058
54.831,0.00056
54.547,0.00054
54.261,0.00053
53.973,0.00051
53.683,0.00049
53.39,0.00048
53.096,0.00046
52.799,0.00044
52.5,0.00043
52.198,0.00041
51.895,0.0004
51.589,0.00039
51.281,0.00037
50.971,0.00036
50.659,0.00035
50.345,0.00033
50.029,0.00032
49.711,0.00031
49.391,0.00029
49.068,0.00028
48.745,0.00027
48.419,0.00026
48.092,0.00025
47.762,0.00024
47.432,0.00023
47.1,0.00022
46.766,0.00021
46.431,0.0002
46.094,0.00019
45.757,0.00018
45.418,0.00018
45.078,0.00017
44.737,0.00016
44.396,0.00015
44.054,0.00015
43.711,0.00014
43.368,0.00013
43.025,0.00013
42.681,0.00012
42.338,0.00011
41.994,0.00011
41.651,0.0001
41.308,0.0001
40.965,9e-05
40.623,9e-05
40.282,9e-05
39.941,8e-05
39.601,8e-05
39.263,7e-05
38.925,7e-05
38.589,7e-05
38.254,6e-05
37.921,6e-05
37.589,6e-05
37.259,5e-05
36.931,5e-05
36.604,5e-05
36.28,5e-05
35.957,4e-05
35.637,4e-05
35.318,4e-05
35.002,4e-05
34.688,4e-05
34.376,4e-05
34.066,3e-05
33.759,3e-05
33.454,3e-05
33.151,3e-05
32.85,3e-05
32.552,3e-05
32.257,3e-05
31.963,2e-05
31.672,2e-05
31.383,2e-05
31.097,2e-05
30.813,2e-05
30.53,2e-05
30.25,2e-05
29.972,2e-05
29.696,2e-05
29.422,2e-05
29.15,2e-05
28.88,1e-05
28.611,1e-05
28.345,1e-05
28.08,1e-05
27.816,1e-05
27.555,1e-05
27.295,1e-05
27.036,1e-05
26.779,1e-05
26.524,1e-05
26.27,1e-05
26.018,1e-05
25.767,1e-05
25.517,1e-05
25.269,1e-05
25.022,1e-05
24.777,1e-05
24.533,1e-05
24.29,1e-05
24.049,1e-05
23.809,1e-05
23.57,1e-05
23.333,1e-05
23.097,1e-05
22.863,1e-05
22.63,1e-05
22.398,1e-05
22.168,1e-05
21.94,1e-05
21.713,0.0
21.668,0.0
21.627,0.0
21.591,0.0
21.558,0.0
21.514,0.0
21.505,0.0
21.501,0.0
21.496,0.0
21.492,0.0
21.471,0.0
21.467,0.0
21.465,0.0
21.464,0.0
21.461,0.0
21.451,0.0
21.439,0.0
21.427,0.0
21.414,0.0
21.399,0.0
21.333,0.0
21.104,0.0
20.871,0.0
20.635,0.0
20.396,0.0
20.155,0.0
19.911,0.0
19.666,0.0
19.419,0.0
19.171,0.0
18.922,0.0
18.672,0.0
18.422,0.0
18.172,0.0
17.923,0.0
17.674,0.0
17.426,0.0
17.179,0.0
16.933,0.0
16.689,0.0
16.447,0.0
16.207,0.0
15.969,0.0
15.733,0.0
15.5,0.0
15.269,0.0
15.041,0.0
14.816,0.0
14.594,0.0
14.374,0.0
14.158,0.0
13.945,0.0
13.734,0.0
13.527,0.0
13.323,0.0
13.122,0.0
12.924,0.0
12.729,0.0
12.537,0.0
12.347,0.0
12.161,0.0
11.978,0.0
11.797,0.0
11.619,0.0
11.444,0.0
11.272,0.0
11.102,0.0
10.934,0.0
10.77,0.0
10.607,0.0
10.447,0.0
10.289,0.0
10.132,0.0
9.978,0.0
9.826,0.0
9.676,0.0
9.527,0.0
9.38,0.0
9.235,0.0
9.091,0.0
8.949,0.0
8.808,0.0
8.669,0.0
8.531,0.0
8.395,0.0
8.259,0.0
8.126,0.0
7.993,0.0
7.861,0.0
7.731,0.0
7.602,0.0
7.474,0.0
7.347,0.0
7.222,0.0
7.097,0.0
6.973,0.0
6.851,0.0
6.729,0.0
6.608,0.0
6.488,0.0
6.37,0.0
6.252,0.0
6.135,0.0
6.018,0.0
5.903,0.0
5.788,0.0
5.675,0.0
5.562,0.0
5.45,0.0
5.338,0.0
5.228,0.0
5.118,0.0
5.009,0.0
4.901,0.0
4.793,0.0
4.686,0.0
4.58,0.0
4.474,0.0
4.369,0.0
4.265,0.0
4.161,0.0
4.058,0.0
3.956,0.0
3.854,0.0
3.753,0.0
3.652,0.0
3.552,0.0
3.452,0.0
3.353,0.0
3.255,0.0
3.157,0.0
3.06,0.0
2.963,0.0
2.867,0.0
2.771,0.0
2.676,0.0
2.581,0.0
2.487,0.0
2.394,0.0
2.3,0.0
2.208,0.0
2.115,0.0
2.024,0.0
1.932,0.0
1.841,0.0
1.751,0.0
1.661,0.0
1.571,0.0
1.482,0.0
1.393,0.0
1.305,0.0
1.217,0.0
1.13,0.0
1.043,0.0
0.956,0.0
0.87,0.0
0.784,0.0
0.698,0.0
0.613,0.0
0.529,0.0
0.444,0.0
0.36,0.0
0.277,0.0
0.194,0.0
0.111,0.0
0.028,0.0
0.0,0.0
