Velocity (km/s),Altitude (km)
7.41,122.0
7.41,121.999
7.41,121.993
7.41,121.98
7.41,121.967
7.41,121.954
7.41,121.941
7.41,121.928
7.41,121.915
7.41,121.902
7.41,121.889
7.41,121.876
7.41,121.864
7.41,121.851
7.41,121.838
7.41,121.825
7.41,121.812
7.41,121.799
7.41,121.786
7.41,121.773
7.41,121.76
7.41,121.747
7.41,121.734
7.41,121.721
7.41,121.708
7.41,121.695
7.41,121.682
7.41,121.669
7.41,121.657
7.41,121.644
7.41,121.631
7.41,121.618
7.41,121.605
7.41,121.592
7.41,121.579
7.41,121.566
7.41,121.553
7.41,121.54
7.41,121.527
7.41,121.514
7.41,121.501
7.41,121.488
7.41,121.475
7.41,121.462
7.41,121.45
7.411,121.437
7.411,121.424
7.411,121.411
7.411,121.398
7.411,121.385
7.411,121.372
7.411,121.359
7.411,121.346
7.411,121.333
7.411,121.32
7.411,121.307
7.411,121.294
7.411,121.281
7.411,121.268
7.411,121.255
7.411,121.242
7.411,121.23
7.411,121.217
7.411,121.204
7.411,121.191
7.411,121.178
7.411,121.165
7.411,121.152
7.411,121.139
7.411,121.126
7.411,121.113
7.411,121.1
7.411,121.087
7.411,121.074
7.411,121.061
7.411,121.048
7.411,121.035
7.411,121.022
7.411,121.01
7.411,120.997
7.411,120.984
7.411,120.971
7.411,120.958
7.411,120.945
7.411,120.932
7.411,120.919
7.411,120.906
7.411,120.893
7.411,120.88
7.411,120.867
7.411,120.854
7.411,120.841
7.411,120.828
7.411,120.815
7.411,120.803
7.411,120.79
7.411,120.777
7.411,120.764
7.411,120.751
7.411,120.738
7.411,120.725
7.411,120.712
7.411,120.699
7.411,120.686
7.411,120.673
7.411,120.66
7.411,120.647
7.411,120.634
7.411,120.621
7.411,120.609
7.411,120.596
7.411,120.583
7.411,120.57
7.411,120.557
7.411,120.544
7.411,120.531
7.411,120.518
7.411,120.505
7.411,120.492
7.411,120.479
7.411,120.466
7.411,120.453
7.411,120.44
7.411,120.427
7.411,120.415
7.411,120.402
7.411,120.389
7.411,120.376
7.411,120.363
7.411,120.35
7.411,120.337
7.411,120.324
7.411,120.311
7.411,120.298
7.412,120.285
7.412,120.272
7.412,120.259
7.412,120.246
7.412,120.233
7.412,120.221
7.412,120.208
7.412,120.195
7.412,120.182
7.412,120.169
7.412,120.156
7.412,120.143
7.412,120.13
7.412,120.117
7.412,120.104
7.412,120.091
7.412,120.078
7.412,120.065
7.412,120.052
7.412,120.04
7.412,120.027
7.412,120.014
7.412,120.001
7.412,119.988
7.412,119.975
7.412,119.962
7.412,119.949
7.412,119.936
7.412,119.923
7.412,119.91
7.412,119.897
7.412,119.884
7.412,119.871
7.412,119.859
7.412,119.846
7.412,119.833
7.412,119.82
7.412,119.807
7.412,119.794
7.412,119.781
7.412,119.768
7.412,119.755
7.412,119.742
7.412,119.729
7.412,119.716
7.412,119.703
7.412,119.691
7.412,119.678
7.412,119.665
7.412,119.652
7.412,119.639
7.412,119.626
7.412,119.613
7.412,119.6
7.412,119.587
7.412,119.574
7.412,119.561
7.412,119.548
7.412,119.535
7.412,119.523
7.412,119.51
7.412,119.497
7.412,119.484
7.412,119.471
7.412,119.458
7.412,119.445
7.412,119.432
7.412,119.419
7.412,119.406
7.412,119.393
7.412,119.38
7.412,119.367
7.412,119.354
7.412,119.342
7.412,119.329
7.412,119.316
7.412,119.303
7.412,119.29
7.412,119.277
7.412,119.264
7.412,119.251
7.412,119.238
7.412,119.225
7.412,119.212
7.412,119.199
7.412,119.186
7.412,119.174
7.412,119.161
7.412,119.148
7.412,119.135
7.412,119.122
7.412,119.109
7.412,119.096
7.412,119.083
7.412,119.07
7.412,119.057
7.413,119.044
7.413,119.031
7.413,119.018
7.413,119.006
7.413,118.993
7.413,118.98
7.413,118.967
7.413,118.954
7.413,118.941
7.413,118.928
7.413,118.915
7.413,118.902
7.413,118.889
7.413,118.876
7.413,118.863
7.413,118.85
7.413,118.837
7.413,118.824
7.413,118.812
7.413,118.799
7.413,118.786
7.413,118.773
7.413,118.76
7.413,118.747
7.413,118.734
7.413,118.721
7.413,118.708
7.413,118.695
7.413,118.682
7.413,118.669
7.413,118.656
7.413,118.643
7.413,118.63
7.413,118.618
7.413,118.605
7.413,118.592
7.413,118.579
7.413,118.566
7.413,118.553
7.413,118.54
7.413,118.527
7.413,118.514
7.413,118.501
7.413,118.488
7.413,118.475
7.413,118.462
7.413,118.449
7.413,118.436
7.413,118.423
7.413,118.41
7.413,118.398
7.413,118.385
7.413,118.372
7.413,118.359
7.413,118.346
7.413,118.333
7.413,118.32
7.413,118.307
7.413,118.294
7.413,118.281
7.413,118.268
7.413,118.255
7.413,118.242
7.413,118.229
7.413,118.216
7.413,118.203
7.413,118.19
7.413,118.177
7.413,118.164
7.413,118.151
7.413,118.138
7.413,118.125
7.413,118.113
7.413,118.1
7.413,118.087
7.413,118.074
7.413,118.061
7.413,118.048
7.413,118.035
7.413,118.022
7.413,118.009
7.413,117.996
7.413,117.983
7.413,117.97
7.413,117.957
7.413,117.944
7.413,117.931
7.413,117.918
7.413,117.905
7.413,117.892
7.413,117.879
7.413,117.866
7.413,117.853
7.413,117.84
7.413,117.827
7.413,117.814
7.413,117.801
7.413,117.788
7.413,117.775
7.413,117.762
7.413,117.749
7.413,117.736
7.413,117.723
7.413,117.71
7.413,117.697
7.413,117.684
7.413,117.671
7.414,117.658
7.414,117.645
7.414,117.632
7.414,117.619
7.414,117.606
7.414,117.593
7.414,117.58
7.414,117.567
7.414,117.554
7.414,117.541
7.414,117.528
7.414,117.515
7.414,117.502
7.414,117.489
7.414,117.476
7.414,117.463
7.414,117.45
7.414,117.437
7.414,117.424
7.414,117.411
7.414,117.398
7.414,117.385
7.414,117.372
7.414,117.359
7.414,117.346
7.414,117.333
7.414,117.32
7.414,117.307
7.414,117.294
7.414,117.281
7.414,117.268
7.414,117.255
7.414,117.242
7.414,117.229
7.414,117.215
7.414,117.202
7.414,117.189
7.414,117.176
7.414,117.163
7.414,117.15
7.414,117.137
7.414,117.124
7.414,117.111
7.414,117.098
7.414,117.085
7.414,117.072
7.414,117.059
7.414,117.046
7.414,117.033
7.414,117.019
7.414,117.006
7.414,116.993
7.414,116.98
7.414,116.967
7.414,116.954
7.414,116.941
7.414,116.928
7.414,116.915
7.414,116.902
7.414,116.889
7.414,116.875
7.414,116.862
7.414,116.849
7.414,116.836
7.414,116.823
7.414,116.81
7.414,116.797
7.414,116.784
7.414,116.771
7.414,116.757
7.414,116.744
7.414,116.731
7.414,116.718
7.414,116.705
7.414,116.692
7.414,116.679
7.414,116.666
7.414,116.652
7.414,116.639
7.414,116.626
7.414,116.613
7.414,116.6
7.414,116.587
7.414,116.574
7.414,116.56
7.414,116.547
7.414,116.534
7.414,116.521
7.414,116.508
7.414,116.495
7.414,116.481
7.414,116.468
7.414,116.455
7.414,116.442
7.414,116.429
7.414,116.415
7.414,116.402
7.414,116.389
7.414,116.376
7.414,116.363
7.414,116.349
7.414,116.336
7.414,116.323
7.414,116.31
7.414,116.297
7.414,116.283
7.414,116.27
7.414,116.257
7.414,116.244
7.414,116.231
7.414,116.217
7.414,116.204
7.414,116.191
7.414,116.178
7.414,116.164
7.414,116.151
7.414,116.138
7.414,116.125
7.414,116.111
7.414,116.098
7.414,116.085
7.414,116.072
7.414,116.058
7.414,116.045
7.414,116.032
7.415,116.018
7.415,116.005
7.415,115.992
7.415,115.979
7.415,115.965
7.415,115.952
7.415,115.939
7.415,115.925
7.415,115.912
7.415,115.899
7.415,115.885
7.415,115.872
7.415,115.859
7.415,115.845
7.415,115.832
7.415,115.819
7.415,115.805
7.415,115.792
7.415,115.779
7.415,115.765
7.415,115.752
7.415,115.739
7.415,115.725
7.415,115.712
7.415,115.699
7.415,115.685
7.415,115.672
7.415,115.658
7.415,115.645
7.415,115.632
7.415,115.618
7.415,115.605
7.415,115.592
7.415,115.578
7.415,115.565
7.415,115.551
7.415,115.538
7.415,115.524
7.415,115.511
7.415,115.498
7.415,115.484
7.415,115.471
7.415,115.457
7.415,115.444
7.415,115.43
7.415,115.417
7.415,115.403
7.415,115.39
7.415,115.377
7.415,115.363
7.415,115.35
7.415,115.336
7.415,115.323
7.415,115.309
7.415,115.296
7.415,115.282
7.415,115.269
7.415,115.255
7.415,115.242
7.415,115.228
7.415,115.215
7.415,115.201
7.415,115.187
7.415,115.174
7.415,115.16
7.415,115.147
7.415,115.133
7.415,115.12
7.415,115.106
7.415,115.093
7.415,115.079
7.415,115.065
7.415,115.052
7.415,115.038
7.415,115.025
7.415,115.011
7.415,114.997
7.415,114.984
7.415,114.97
7.415,114.957
7.415,114.943
7.415,114.929
7.415,114.916
7.415,114.902
7.415,114.888
7.415,114.875
7.415,114.861
7.415,114.847
7.415,114.834
7.415,114.82
7.415,114.806
7.415,114.793
7.415,114.779
7.415,114.765
7.415,114.752
7.415,114.738
7.415,114.724
7.415,114.711
7.415,114.697
7.415,114.683
7.415,114.669
7.415,114.656
7.415,114.642
7.415,114.628
7.415,114.614
7.415,114.601
7.415,114.587
7.415,114.573
7.415,114.559
7.415,114.545
7.415,114.532
7.415,114.518
7.415,114.504
7.415,114.49
7.415,114.476
7.415,114.463
7.415,114.449
7.415,114.435
7.415,114.421
7.415,114.407
7.415,114.393
7.415,114.379
7.415,114.366
7.415,114.352
7.415,114.338
7.415,114.324
7.415,114.31
7.415,114.296
7.415,114.282
7.415,114.268
7.415,114.254
7.415,114.24
7.415,114.227
7.415,114.213
7.415,114.199
7.415,114.185
7.415,114.171
7.415,114.157
7.415,114.143
7.415,114.129
7.415,114.115
7.415,114.101
7.415,114.087
7.415,114.073
7.415,114.059
7.415,114.045
7.415,114.031
7.415,114.017
7.415,114.003
7.415,113.989
7.415,113.975
7.415,113.96
7.415,113.946
7.415,113.932
7.415,113.918
7.415,113.904
7.415,113.89
7.415,113.876
7.415,113.862
7.415,113.848
7.415,113.834
7.415,113.819
7.415,113.805
7.415,113.791
7.415,113.777
7.415,113.763
7.415,113.749
7.415,113.734
7.415,113.72
7.415,113.706
7.416,113.692
7.416,113.678
7.416,113.663
7.416,113.649
7.416,113.635
7.416,113.621
7.416,113.606
7.416,113.592
7.416,113.578
7.416,113.564
7.416,113.549
7.416,113.535
7.416,113.521
7.416,113.506
7.416,113.492
7.416,113.478
7.416,113.463
7.416,113.449
7.416,113.435
7.416,113.42
7.416,113.406
7.416,113.392
7.416,113.377
7.416,113.363
7.416,113.348
7.416,113.334
7.416,113.319
7.416,113.305
7.416,113.291
7.416,113.276
7.416,113.262
7.416,113.247
7.416,113.233
7.416,113.218
7.416,113.204
7.416,113.189
7.416,113.175
7.416,113.16
7.416,113.146
7.416,113.131
7.416,113.117
7.416,113.102
7.416,113.088
7.416,113.073
7.416,113.058
7.416,113.044
7.416,113.029
7.416,113.015
7.416,113.0
7.416,112.985
7.416,112.971
7.416,112.956
7.416,112.941
7.416,112.927
7.416,112.912
7.416,112.897
7.416,112.883
7.416,112.868
7.416,112.853
7.416,112.838
7.416,112.824
7.416,112.809
7.416,112.794
7.416,112.779
7.416,112.765
7.416,112.75
7.416,112.735
7.416,112.72
7.416,112.705
7.416,112.691
7.416,112.676
7.416,112.661
7.416,112.646
7.416,112.631
7.416,112.616
7.416,112.601
7.416,112.587
7.416,112.572
7.416,112.557
7.416,112.542
7.416,112.527
7.416,112.512
7.416,112.497
7.416,112.482
7.416,112.467
7.416,112.452
7.416,112.437
7.416,112.422
7.416,112.407
7.416,112.392
7.416,112.377
7.416,112.362
7.416,112.347
7.416,112.332
7.416,112.317
7.416,112.302
7.416,112.286
7.416,112.271
7.416,112.256
7.416,112.241
7.416,112.226
7.416,112.211
7.416,112.196
7.416,112.18
7.416,112.165
7.416,112.15
7.416,112.135
7.416,112.119
7.416,112.104
7.416,112.089
7.416,112.074
7.416,112.058
7.416,112.043
7.416,112.028
7.416,112.012
7.416,111.997
7.416,111.982
7.416,111.966
7.416,111.951
7.416,111.936
7.416,111.92
7.416,111.905
7.416,111.89
7.416,111.874
7.416,111.859
7.416,111.843
7.416,111.828
7.416,111.812
7.416,111.797
7.416,111.781
7.416,111.766
7.416,111.75
7.416,111.735
7.416,111.719
7.416,111.704
7.416,111.688
7.416,111.672
7.416,111.657
7.416,111.641
7.416,111.626
7.416,111.61
7.416,111.594
7.416,111.579
7.416,111.563
7.416,111.547
7.416,111.532
7.416,111.516
7.416,111.5
7.416,111.484
7.416,111.469
7.416,111.453
7.416,111.437
7.416,111.421
7.416,111.406
7.416,111.39
7.416,111.374
7.416,111.358
7.416,111.342
7.416,111.326
7.416,111.31
7.416,111.295
7.416,111.279
7.416,111.263
7.416,111.247
7.416,111.231
7.416,111.215
7.416,111.199
7.416,111.183
7.416,111.167
7.416,111.151
7.416,111.135
7.416,111.119
7.416,111.103
7.416,111.087
7.416,111.071
7.416,111.054
7.416,111.038
7.416,111.022
7.416,111.006
7.416,110.99
7.416,110.974
7.416,110.957
7.416,110.941
7.416,110.925
7.416,110.909
7.416,110.893
7.416,110.876
7.416,110.86
7.416,110.844
7.416,110.827
7.416,110.811
7.416,110.795
7.416,110.778
7.416,110.762
7.416,110.746
7.416,110.729
7.416,110.713
7.416,110.696
7.416,110.68
7.416,110.663
7.416,110.647
7.416,110.63
7.416,110.614
7.416,110.597
7.416,110.581
7.416,110.564
7.416,110.548
7.416,110.531
7.416,110.514
7.416,110.498
7.416,110.481
7.416,110.465
7.416,110.448
7.416,110.431
7.416,110.415
7.416,110.398
7.416,110.381
7.416,110.364
7.416,110.348
7.416,110.331
7.416,110.314
7.416,110.297
7.416,110.28
7.416,110.263
7.416,110.247
7.416,110.23
7.416,110.213
7.416,110.196
7.416,110.179
7.416,110.162
7.416,110.145
7.416,110.128
7.416,110.111
7.416,110.094
7.416,110.077
7.416,110.06
7.416,110.043
7.416,110.026
7.416,110.009
7.416,109.992
7.416,109.974
7.416,109.957
7.416,109.94
7.416,109.923
7.416,109.906
7.416,109.889
7.416,109.871
7.416,109.854
7.416,109.837
7.416,109.819
7.416,109.802
7.416,109.785
7.416,109.767
7.416,109.75
7.416,109.733
7.416,109.715
7.416,109.698
7.416,109.68
7.416,109.663
7.416,109.646
7.416,109.628
7.416,109.611
7.416,109.593
7.416,109.575
7.416,109.558
7.416,109.54
7.416,109.523
7.416,109.505
7.416,109.487
7.416,109.47
7.416,109.452
7.416,109.434
7.416,109.417
7.416,109.399
7.416,109.381
7.416,109.363
7.416,109.346
7.416,109.328
7.416,109.31
7.416,109.292
7.416,109.274
7.416,109.256
7.416,109.238
7.416,109.22
7.416,109.202
7.416,109.184
7.416,109.166
7.416,109.148
7.416,109.13
7.416,109.112
7.416,109.094
7.416,109.076
7.416,109.058
7.416,109.04
7.416,109.022
7.416,109.004
7.415,108.985
7.415,108.967
7.415,108.949
7.415,108.931
7.415,108.912
7.415,108.894
7.415,108.876
7.415,108.857
7.415,108.839
7.415,108.821
7.415,108.802
7.415,108.784
7.415,108.765
7.415,108.747
7.415,108.728
7.415,108.71
7.415,108.691
7.415,108.673
7.415,108.654
7.415,108.636
7.415,108.617
7.415,108.598
7.415,108.58
7.415,108.561
7.415,108.542
7.415,108.524
7.415,108.505
7.415,108.486
7.415,108.467
7.415,108.448
7.415,108.43
7.415,108.411
7.415,108.392
7.415,108.373
7.415,108.354
7.415,108.335
7.415,108.316
7.415,108.297
7.415,108.278
7.415,108.259
7.415,108.24
7.415,108.221
7.415,108.202
7.415,108.183
7.415,108.163
7.415,108.144
7.415,108.125
7.415,108.106
7.415,108.087
7.415,108.067
7.415,108.048
7.415,108.029
7.415,108.009
7.415,107.99
7.415,107.97
7.415,107.951
7.415,107.932
7.415,107.912
7.415,107.893
7.415,107.873
7.415,107.854
7.415,107.834
7.415,107.814
7.415,107.795
7.415,107.775
7.415,107.755
7.415,107.736
7.415,107.716
7.415,107.696
7.415,107.676
7.415,107.657
7.415,107.637
7.415,107.617
7.415,107.597
7.415,107.577
7.415,107.557
7.415,107.537
7.415,107.517
7.415,107.497
7.415,107.477
7.415,107.457
7.415,107.437
7.415,107.417
7.415,107.397
7.415,107.377
7.415,107.357
7.415,107.336
7.415,107.316
7.415,107.296
7.415,107.276
7.415,107.255
7.415,107.235
7.415,107.215
7.414,107.194
7.414,107.174
7.414,107.153
7.414,107.133
7.414,107.112
7.414,107.092
7.414,107.071
7.414,107.051
7.414,107.03
7.414,107.009
7.414,106.989
7.414,106.968
7.414,106.947
7.414,106.926
7.414,106.906
7.414,106.885
7.414,106.864
7.414,106.843
7.414,106.822
7.414,106.801
7.414,106.78
7.414,106.759
7.414,106.738
7.414,106.717
7.414,106.696
7.414,106.675
7.414,106.654
7.414,106.633
7.414,106.612
7.414,106.59
7.414,106.569
7.414,106.548
7.414,106.527
7.414,106.505
7.414,106.484
7.414,106.462
7.414,106.441
7.414,106.42
7.414,106.398
7.414,106.377
7.414,106.355
7.414,106.333
7.414,106.312
7.414,106.29
7.414,106.269
7.414,106.247
7.414,106.225
7.414,106.203
7.414,106.181
7.414,106.16
7.414,106.138
7.414,106.116
7.414,106.094
7.414,106.072
7.413,106.05
7.413,106.028
7.413,106.006
7.413,105.984
7.413,105.962
7.413,105.94
7.413,105.917
7.413,105.895
7.413,105.873
7.413,105.851
7.413,105.828
7.413,105.806
7.413,105.784
7.413,105.761
7.413,105.739
7.413,105.716
7.413,105.694
7.413,105.671
7.413,105.649
7.413,105.626
7.413,105.603
7.413,105.581
7.413,105.558
7.413,105.535
7.413,105.512
7.413,105.49
7.413,105.467
7.413,105.444
7.413,105.421
7.413,105.398
7.413,105.375
7.413,105.352
7.413,105.329
7.413,105.306
7.413,105.283
7.413,105.26
7.413,105.236
7.413,105.213
7.413,105.19
7.413,105.167
7.412,105.143
7.412,105.12
7.412,105.096
7.412,105.073
7.412,105.049
7.412,105.026
7.412,105.002
7.412,104.979
7.412,104.955
7.412,104.931
7.412,104.908
7.412,104.884
7.412,104.86
7.412,104.836
7.412,104.812
7.412,104.789
7.412,104.765
7.412,104.741
7.412,104.717
7.412,104.693
7.412,104.668
7.412,104.644
7.412,104.62
7.412,104.596
7.412,104.572
7.412,104.547
7.412,104.523
7.412,104.499
7.412,104.474
7.412,104.45
7.412,104.425
7.411,104.401
7.411,104.376
7.411,104.352
7.411,104.327
7.411,104.302
7.411,104.278
7.411,104.253
7.411,104.228
7.411,104.203
7.411,104.178
7.411,104.153
7.411,104.128
7.411,104.103
7.411,104.078
7.411,104.053
7.411,104.028
7.411,104.003
7.411,103.978
7.411,103.952
7.411,103.927
7.411,103.902
7.411,103.876
7.411,103.851
7.411,103.825
7.411,103.8
7.411,103.774
7.41,103.749
7.41,103.723
7.41,103.697
7.41,103.672
7.41,103.646
7.41,103.62
7.41,103.594
7.41,103.568
7.41,103.542
7.41,103.516
7.41,103.49
7.41,103.464
7.41,103.438
7.41,103.412
7.41,103.385
7.41,103.359
7.41,103.333
7.41,103.306
7.41,103.28
7.41,103.254
7.41,103.227
7.41,103.201
7.409,103.174
7.409,103.147
7.409,103.121
7.409,103.094
7.409,103.067
7.409,103.04
7.409,103.013
7.409,102.986
7.409,102.959
7.409,102.932
7.409,102.905
7.409,102.878
7.409,102.851
7.409,102.824
7.409,102.796
7.409,102.769
7.409,102.742
7.409,102.714
7.409,102.687
7.409,102.659
7.408,102.632
7.408,102.604
7.408,102.576
7.408,102.549
7.408,102.521
7.408,102.493
7.408,102.465
7.408,102.437
7.408,102.409
7.408,102.381
7.408,102.353
7.408,102.325
7.408,102.297
7.408,102.268
7.408,102.24
7.408,102.212
7.408,102.183
7.407,102.155
7.407,102.126
7.407,102.098
7.407,102.069
7.407,102.04
7.407,102.012
7.407,101.983
7.407,101.954
7.407,101.925
7.407,101.896
7.407,101.867
7.407,101.838
7.407,101.809
7.407,101.78
7.407,101.751
7.406,101.721
7.406,101.692
7.406,101.663
7.406,101.633
7.406,101.604
7.406,101.574
7.406,101.544
7.406,101.515
7.406,101.485
7.406,101.455
7.406,101.425
7.406,101.395
7.406,101.365
7.406,101.335
7.405,101.305
7.405,101.275
7.405,101.245
7.405,101.215
7.405,101.184
7.405,101.154
7.405,101.123
7.405,101.093
7.405,101.062
7.405,101.031
7.405,101.001
7.405,100.97
7.405,100.939
7.404,100.908
7.404,100.877
7.404,100.846
7.404,100.815
7.404,100.784
7.404,100.753
7.404,100.721
7.404,100.69
7.404,100.659
7.404,100.627
7.404,100.596
7.404,100.564
7.403,100.532
7.403,100.501
7.403,100.469
7.403,100.437
7.403,100.405
7.403,100.373
7.403,100.341
7.403,100.309
7.403,100.277
7.403,100.244
7.403,100.212
7.402,100.18
7.402,100.147
7.402,100.114
7.402,100.082
7.402,100.049
7.402,100.016
7.402,99.984
7.402,99.951
7.402,99.918
7.402,99.885
7.401,99.851
7.401,99.818
7.401,99.785
7.401,99.752
7.401,99.718
7.401,99.685
7.401,99.651
7.401,99.618
7.401,99.584
7.401,99.55
7.4,99.516
7.4,99.482
7.4,99.448
7.4,99.414
7.4,99.38
7.4,99.346
7.4,99.312
7.4,99.277
7.4,99.243
7.399,99.208
7.399,99.174
7.399,99.139
7.399,99.104
7.399,99.069
7.399,99.034
7.399,98.999
7.399,98.964
7.398,98.929
7.398,98.894
7.398,98.858
7.398,98.823
7.398,98.788
7.398,98.752
7.398,98.716
7.398,98.681
7.397,98.645
7.397,98.609
7.397,98.573
7.397,98.537
7.397,98.501
7.397,98.464
7.397,98.428
7.397,98.392
7.396,98.355
7.396,98.319
7.396,98.282
7.396,98.245
7.396,98.208
7.396,98.171
7.396,98.134
7.395,98.097
7.395,98.06
7.395,98.023
7.395,97.985
7.395,97.948
7.395,97.91
7.395,97.873
7.394,97.835
7.394,97.797
7.394,97.759
7.394,97.721
7.394,97.683
7.394,97.645
7.394,97.606
7.393,97.568
7.393,97.53
7.393,97.491
7.393,97.452
7.393,97.414
7.393,97.375
7.392,97.336
7.392,97.297
7.392,97.257
7.392,97.218
7.392,97.179
7.392,97.139
7.391,97.1
7.391,97.06
7.391,97.02
7.391,96.981
7.391,96.941
7.391,96.901
7.39,96.86
7.39,96.82
7.39,96.78
7.39,96.739
7.39,96.699
7.39,96.658
7.389,96.617
7.389,96.576
7.389,96.535
7.389,96.494
7.389,96.453
7.388,96.412
7.388,96.37
7.388,96.329
7.388,96.287
7.388,96.245
7.387,96.203
7.387,96.161
7.387,96.119
7.387,96.077
7.387,96.035
7.386,95.992
7.386,95.95
7.386,95.907
7.386,95.864
7.386,95.822
7.385,95.779
7.385,95.735
7.385,95.692
7.385,95.649
7.385,95.605
7.384,95.562
7.384,95.518
7.384,95.474
7.384,95.43
7.384,95.386
7.383,95.342
7.383,95.298
7.383,95.253
7.383,95.209
7.382,95.164
7.382,95.119
7.382,95.074
7.382,95.029
7.381,94.984
7.381,94.939
7.381,94.893
7.381,94.848
7.381,94.802
7.38,94.756
7.38,94.71
7.38,94.664
7.38,94.618
7.379,94.572
7.379,94.525
7.379,94.479
7.379,94.432
7.378,94.385
7.378,94.338
7.378,94.291
7.377,94.244
7.377,94.196
7.377,94.149
7.377,94.101
7.376,94.053
7.376,94.005
7.376,93.957
7.376,93.909
7.375,93.86
7.375,93.812
7.375,93.763
7.374,93.714
7.374,93.665
7.374,93.616
7.374,93.567
7.373,93.518
7.373,93.468
7.373,93.418
7.372,93.369
7.372,93.319
7.372,93.268
7.372,93.218
7.371,93.168
7.371,93.117
7.371,93.066
7.37,93.015
7.37,92.964
7.37,92.913
7.369,92.862
7.369,92.81
7.369,92.758
7.368,92.706
7.368,92.654
7.368,92.602
7.367,92.55
7.367,92.497
7.367,92.445
7.366,92.392
7.366,92.339
7.366,92.285
7.365,92.232
7.365,92.179
7.365,92.125
7.364,92.071
7.364,92.017
7.364,91.963
7.363,91.908
7.363,91.854
7.362,91.799
7.362,91.744
7.362,91.689
7.361,91.634
7.361,91.578
7.361,91.523
7.36,91.467
7.36,91.411
7.359,91.355
7.359,91.298
7.359,91.242
7.358,91.185
7.358,91.128
7.357,91.071
7.357,91.014
7.356,90.956
7.356,90.899
7.356,90.841
7.355,90.783
7.355,90.725
7.354,90.666
7.354,90.607
7.353,90.549
7.353,90.49
7.353,90.43
7.352,90.371
7.352,90.311
7.351,90.251
7.351,90.191
7.35,90.131
7.35,90.071
7.349,90.01
7.349,89.949
7.348,89.888
7.348,89.827
7.347,89.765
7.347,89.704
7.346,89.642
7.346,89.579
7.345,89.517
7.345,89.454
7.344,89.392
7.344,89.329
7.343,89.265
7.343,89.202
7.342,89.138
7.342,89.074
7.341,89.01
7.341,88.946
7.34,88.881
7.34,88.816
7.339,88.751
7.339,88.686
7.338,88.62
7.337,88.554
7.337,88.488
7.336,88.422
7.336,88.356
7.335,88.289
7.334,88.222
7.334,88.155
7.333,88.087
7.333,88.019
7.332,87.951
7.331,87.883
7.331,87.815
7.33,87.746
7.329,87.677
7.329,87.608
7.328,87.538
7.328,87.468
7.327,87.398
7.326,87.328
7.325,87.257
7.325,87.186
7.324,87.115
7.323,87.044
7.323,86.972
7.322,86.9
7.321,86.828
7.321,86.756
7.32,86.683
7.319,86.61
7.318,86.536
7.318,86.463
7.317,86.389
7.316,86.315
7.315,86.24
7.314,86.165
7.314,86.09
7.313,86.015
7.312,85.939
7.311,85.863
7.31,85.787
7.309,85.711
7.309,85.634
7.308,85.556
7.307,85.479
7.306,85.401
7.305,85.323
7.304,85.245
7.303,85.166
7.302,85.087
7.301,85.007
7.3,84.928
7.3,84.847
7.299,84.767
7.298,84.686
7.297,84.605
7.296,84.524
7.295,84.442
7.294,84.36
7.293,84.278
7.291,84.195
7.29,84.112
7.289,84.028
7.288,83.945
7.287,83.86
7.286,83.776
7.285,83.691
7.284,83.606
7.283,83.52
7.282,83.434
7.28,83.348
7.279,83.261
7.278,83.174
7.277,83.086
7.275,82.998
7.274,82.91
7.273,82.822
7.272,82.733
7.27,82.643
7.269,82.553
7.268,82.463
7.266,82.372
7.265,82.281
7.264,82.19
7.262,82.098
7.261,82.006
7.259,81.913
7.258,81.82
7.256,81.726
7.255,81.632
7.253,81.538
7.252,81.443
7.25,81.348
7.249,81.252
7.247,81.156
7.245,81.059
7.244,80.962
7.242,80.865
7.24,80.767
7.238,80.668
7.237,80.57
7.235,80.47
7.233,80.37
7.231,80.27
7.229,80.169
7.227,80.068
7.225,79.966
7.223,79.864
7.221,79.761
7.219,79.658
7.217,79.554
7.215,79.449
7.213,79.345
7.211,79.239
7.208,79.133
7.206,79.027
7.204,78.92
7.202,78.812
7.199,78.704
7.197,78.596
7.194,78.487
7.192,78.377
7.189,78.267
7.187,78.156
7.184,78.044
7.181,77.932
7.179,77.82
7.176,77.706
7.173,77.593
7.17,77.478
7.167,77.363
7.164,77.247
7.161,77.131
7.158,77.014
7.155,76.897
7.152,76.779
7.149,76.66
7.145,76.54
7.142,76.42
7.139,76.299
7.135,76.178
7.131,76.056
7.128,75.933
7.124,75.809
7.12,75.685
7.117,75.56
7.113,75.434
7.109,75.308
7.105,75.181
7.1,75.053
7.096,74.924
7.092,74.795
7.088,74.665
7.083,74.534
7.079,74.402
7.074,74.27
7.069,74.136
7.064,74.002
7.059,73.867
7.054,73.731
7.049,73.595
7.044,73.457
7.039,73.319
7.033,73.18
7.028,73.04
7.022,72.899
7.016,72.757
7.01,72.614
7.004,72.471
6.998,72.326
6.992,72.181
6.986,72.034
6.979,71.887
6.972,71.738
6.966,71.589
6.959,71.439
6.952,71.287
6.944,71.135
6.937,70.981
6.929,70.827
6.922,70.671
6.914,70.515
6.906,70.357
6.898,70.198
6.889,70.039
6.881,69.877
6.872,69.715
6.863,69.552
6.854,69.388
6.845,69.222
6.836,69.055
6.826,68.887
6.816,68.718
6.806,68.547
6.796,68.376
6.785,68.203
6.774,68.028
6.763,67.853
6.752,67.676
6.741,67.497
6.729,67.318
6.717,67.137
6.705,66.954
6.692,66.771
6.68,66.586
6.667,66.399
6.653,66.211
6.64,66.021
6.626,65.83
6.611,65.638
6.597,65.444
6.582,65.248
6.567,65.051
6.551,64.852
6.535,64.652
6.519,64.45
6.502,64.246
6.485,64.041
6.468,63.834
6.45,63.625
6.432,63.415
6.413,63.203
6.394,62.989
6.374,62.774
6.354,62.556
6.334,62.337
6.313,62.116
6.292,61.893
6.27,61.668
6.248,61.442
6.225,61.213
6.201,60.983
6.178,60.75
6.153,60.516
6.128,60.28
6.103,60.041
6.077,59.801
6.05,59.558
6.023,59.314
5.995,59.067
5.966,58.819
5.937,58.568
5.907,58.315
5.877,58.06
5.846,57.803
5.814,57.544
5.781,57.283
5.748,57.019
5.714,56.753
5.68,56.485
5.644,56.215
5.608,55.943
5.571,55.668
5.534,55.391
5.495,55.112
5.456,54.831
5.416,54.547
5.376,54.261
5.334,53.973
5.292,53.683
5.249,53.39
5.205,53.096
5.16,52.799
5.114,52.5
5.068,52.198
5.021,51.895
4.973,51.589
4.924,51.281
4.874,50.971
4.824,50.659
4.772,50.345
4.719,50.029
4.666,49.711
4.611,49.391
4.556,49.068
4.5,48.745
4.442,48.419
4.384,48.092
4.325,47.762
4.265,47.432
4.205,47.1
4.143,46.766
4.08,46.431
4.016,46.094
3.952,45.757
3.886,45.418
3.819,45.078
3.752,44.737
3.684,44.396
3.615,44.054
3.545,43.711
3.475,43.368
3.404,43.025
3.333,42.681
3.261,42.338
3.189,41.994
3.116,41.651
3.044,41.308
2.971,40.965
2.898,40.623
2.825,40.282
2.752,39.941
2.68,39.601
2.608,39.263
2.536,38.925
2.465,38.589
2.394,38.254
2.324,37.921
2.255,37.589
2.186,37.259
2.119,36.931
2.052,36.604
1.987,36.28
1.922,35.957
1.859,35.637
1.797,35.318
1.736,35.002
1.677,34.688
1.618,34.376
1.562,34.066
1.506,33.759
1.452,33.454
1.4,33.151
1.349,32.85
1.299,32.552
1.251,32.257
1.204,31.963
1.159,31.672
1.116,31.383
1.074,31.097
1.033,30.813
0.994,30.53
0.957,30.25
0.921,29.972
0.886,29.696
0.853,29.422
0.82,29.15
0.79,28.88
0.76,28.611
0.732,28.345
0.705,28.08
0.679,27.816
0.654,27.555
0.63,27.295
0.607,27.036
0.586,26.779
0.565,26.524
0.545,26.27
0.526,26.018
0.508,25.767
0.49,25.517
0.474,25.269
0.458,25.022
0.443,24.777
0.428,24.533
0.415,24.29
0.402,24.049
0.389,23.809
0.377,23.57
0.366,23.333
0.355,23.097
0.345,22.863
0.335,22.63
0.326,22.398
0.317,22.168
0.309,21.94
0.301,21.713
0.299,21.668
0.298,21.627
0.297,21.591
0.296,21.558
0.294,21.514
0.294,21.505
0.294,21.501
0.294,21.496
0.294,21.492
0.294,21.471
0.294,21.467
0.294,21.465
0.294,21.464
0.294,21.461
0.294,21.451
0.294,21.439
0.293,21.427
0.293,21.414
0.293,21.399
0.293,21.333
0.293,21.104
0.293,20.871
0.292,20.635
0.292,20.396
0.291,20.155
0.29,19.911
0.288,19.666
0.287,19.419
0.285,19.171
0.283,18.922
0.281,18.672
0.279,18.422
0.277,18.172
0.274,17.923
0.271,17.674
0.269,17.426
0.265,17.179
0.262,16.933
0.259,16.689
0.256,16.447
0.252,16.207
0.249,15.969
0.245,15.733
0.241,15.5
0.238,15.269
0.234,15.041
0.23,14.816
0.227,14.594
0.223,14.374
0.219,14.158
0.216,13.945
0.212,13.734
0.209,13.527
0.205,13.323
0.202,13.122
0.198,12.924
0.195,12.729
0.192,12.537
0.189,12.347
0.186,12.161
0.183,11.978
0.18,11.797
0.177,11.619
0.174,11.444
0.171,11.272
0.169,11.102
0.166,10.934
0.164,10.77
0.161,10.607
0.159,10.447
0.157,10.289
0.155,10.132
0.153,9.978
0.151,9.826
0.15,9.676
0.148,9.527
0.146,9.38
0.145,9.235
0.143,9.091
0.142,8.949
0.14,8.808
0.139,8.669
0.137,8.531
0.136,8.395
0.135,8.259
0.133,8.126
0.132,7.993
0.131,7.861
0.13,7.731
0.129,7.602
0.128,7.474
0.127,7.347
0.126,7.222
0.124,7.097
0.123,6.973
0.122,6.851
0.121,6.729
0.121,6.608
0.12,6.488
0.119,6.37
0.118,6.252
0.117,6.135
0.116,6.018
0.115,5.903
0.114,5.788
0.114,5.675
0.113,5.562
0.112,5.45
0.111,5.338
0.11,5.228
0.11,5.118
0.109,5.009
0.108,4.901
0.108,4.793
0.107,4.686
0.106,4.58
0.105,4.474
0.105,4.369
0.104,4.265
0.104,4.161
0.103,4.058
0.102,3.956
0.102,3.854
0.101,3.753
0.1,3.652
0.1,3.552
0.099,3.452
0.099,3.353
0.098,3.255
0.098,3.157
0.097,3.06
0.097,2.963
0.096,2.867
0.096,2.771
0.095,2.676
0.095,2.581
0.094,2.487
0.094,2.394
0.093,2.3
0.093,2.208
0.092,2.115
0.092,2.024
0.091,1.932
0.091,1.841
0.09,1.751
0.09,1.661
0.089,1.571
0.089,1.482
0.089,1.393
0.088,1.305
0.088,1.217
0.087,1.13
0.087,1.043
0.086,0.956
0.086,0.87
0.086,0.784
0.085,0.698
0.085,0.613
0.085,0.529
0.084,0.444
0.084,0.36
0.083,0.277
0.083,0.194
0.083,0.111
0.082,0.028
0.082,0.0
